-- phpMyAdmin SQL Dump
-- version 5.2.1
-- https://www.phpmyadmin.net/
--
-- Host: 127.0.0.1
-- Generation Time: Feb 23, 2025 at 02:27 PM
-- Server version: 10.4.32-MariaDB
-- PHP Version: 8.2.12

SET SQL_MODE = "NO_AUTO_VALUE_ON_ZERO";
START TRANSACTION;
SET time_zone = "+00:00";


/*!40101 SET @OLD_CHARACTER_SET_CLIENT=@@CHARACTER_SET_CLIENT */;
/*!40101 SET @OLD_CHARACTER_SET_RESULTS=@@CHARACTER_SET_RESULTS */;
/*!40101 SET @OLD_COLLATION_CONNECTION=@@COLLATION_CONNECTION */;
/*!40101 SET NAMES utf8mb4 */;

--
-- Database: `tokhon_tokhon`
--

-- --------------------------------------------------------

--
-- Table structure for table `driver_vehicles`
--

CREATE TABLE `driver_vehicles` (
  `id` int(11) NOT NULL,
  `driverId` int(11) NOT NULL,
  `vehicleTypeId` varchar(36) NOT NULL,
  `vehicleTypeName` varchar(255) DEFAULT NULL,
  `description` text DEFAULT NULL,
  `image` text DEFAULT NULL,
  `extraOptions` longtext CHARACTER SET utf8mb4 COLLATE utf8mb4_bin DEFAULT NULL CHECK (json_valid(`extraOptions`)),
  `documents` longtext CHARACTER SET utf8mb4 COLLATE utf8mb4_bin DEFAULT NULL CHECK (json_valid(`documents`)),
  `verified` tinyint(1) DEFAULT NULL,
  `vehicleDetails` longtext CHARACTER SET utf8mb4 COLLATE utf8mb4_bin DEFAULT NULL CHECK (json_valid(`vehicleDetails`)),
  `status` enum('pending','verified','blocked') DEFAULT 'pending',
  `created_at` timestamp NULL DEFAULT current_timestamp(),
  `updated_at` timestamp NULL DEFAULT current_timestamp() ON UPDATE current_timestamp()
) ENGINE=InnoDB DEFAULT CHARSET=utf8 COLLATE=utf8_general_ci;

--
-- Dumping data for table `driver_vehicles`
--

INSERT INTO `driver_vehicles` (`id`, `driverId`, `vehicleTypeId`, `vehicleTypeName`, `description`, `image`, `extraOptions`, `documents`, `verified`, `vehicleDetails`, `status`, `created_at`, `updated_at`) VALUES
(30, 26, '6', ' Truck 2 ton', 'Truck with capacity 2 ton', 'https://res.cloudinary.com/dcglyvwza/image/upload/v1732601609/rideapp/kwbvoaavkuyv95rpzr1v.jpg', '{\"capacity\": \"2 ton\", \"features\": [\"Air Condition\", \"comfortable\", \"Fast\"]}', '{\"nid\": \"https://res.cloudinary.com/dcglyvwza/image/upload/v1732601662/rideapp/rumf7cfsi1gpqf8zbo3j.jpg\", \"drivingLicense\": \"https://transport.myway66.com/transport/public/uploads/87831735108296.png\", \"vehiclePicFront\": \"https://res.cloudinary.com/dcglyvwza/image/upload/v1732601671/rideapp/h6qwoq47jgqnkh6i8syo.jpg\"}', 0, '{\"year\": \"2025\", \"color\": \"Blue\", \"model\": \"R11\"}', 'verified', '2024-11-25 22:14:36', '2024-12-25 06:31:36'),
(31, 32, '7', ' Truck 3 ton', 'Truck with capacity 3 ton', 'https://res.cloudinary.com/dcglyvwza/image/upload/v1732985248/rideapp/w39ui8wdegzr2cchcxb2.jpg', '{\"capacity\": \"3 ton\", \"features\": [\"Air Condition\", \"comfortable\", \"Fast\"]}', '{\"nid\": \"https://transport.myway66.com/transport/public/uploads/73361735107905.png\", \"drivingLicense\": \"https://transport.myway66.com/transport/public/uploads/86171735107905.png\", \"vehiclePicFront\": \"https://transport.myway66.com/transport/public/uploads/27981735107905.png\"}', 0, '{\"year\": \"2021\", \"color\": \"red\", \"model\": \"ggggg\"}', 'verified', '2024-11-30 08:49:23', '2024-12-25 06:25:05'),
(32, 32, '7', ' Truck 3 ton', 'Truck with capacity 3 ton', 'https://res.cloudinary.com/dcglyvwza/image/upload/v1732985389/rideapp/szvbeqwbkv1dm1n5dazz.jpg', '{\"capacity\": \"3 ton\", \"features\": [\"Air Condition\", \"comfortable\", \"Fast\"]}', '{\"nid\": \"https://res.cloudinary.com/dcglyvwza/image/upload/v1732985409/rideapp/ljxjon8bxovsu3sh3xme.jpg\", \"drivingLicense\": \"https://res.cloudinary.com/dcglyvwza/image/upload/v1732985407/rideapp/rrprgfqlh0vnba8gycjl.jpg\", \"vehiclePicFront\": \"https://res.cloudinary.com/dcglyvwza/image/upload/v1732985415/rideapp/ss3kwp3ahyq3uscm5dgk.jpg\"}', 0, '{\"year\": \"2021\", \"color\": \"ggdf\", \"model\": \"ghgdfy\"}', 'verified', '2024-11-30 08:50:24', '2024-12-25 15:55:52'),
(33, 32, '5', ' Truck 1 ton', 'Truck with capacity 1 ton', 'https://res.cloudinary.com/dcglyvwza/image/upload/v1732986115/rideapp/aojv5oto5s3vazs1sh0k.jpg', '{\"capacity\": \"1 ton\", \"features\": [\"Air Condition\", \"comfortable\", \"Fast\"]}', '{\"nid\": \"https://res.cloudinary.com/dcglyvwza/image/upload/v1732986131/rideapp/ntauz5uihactp7qyvquu.jpg\", \"drivingLicense\": \"https://res.cloudinary.com/dcglyvwza/image/upload/v1732986128/rideapp/ifuteohypq1zjvzyrufl.jpg\", \"vehiclePicFront\": \"https://res.cloudinary.com/dcglyvwza/image/upload/v1732986140/rideapp/oe3uodu7ot9wxwwzyexi.jpg\", \"drivingLicenceNumber\": \"chycfyf\"}', 0, '{\"year\": 2021, \"color\": \"hxxy\", \"model\": \"ufuhx\", \"number\": \"hxhxc\"}', 'verified', '2024-11-30 09:02:23', '2024-12-25 01:45:08'),
(34, 32, '8', ' Bike Upto 10kg', 'Bike with 10kg capacity', 'https://res.cloudinary.com/dcglyvwza/image/upload/v1732988419/rideapp/tv2hz0txargw6fwzj4yi.jpg', '{\"capacity\": \"10kg capacity\", \"features\": [\"Air Condition\", \"comfortable\", \"Fast\"]}', '{\"nid\": \"https://res.cloudinary.com/dcglyvwza/image/upload/v1732988440/rideapp/xu7rdsdwj22kli8ecqdo.jpg\", \"drivingLicense\": \"https://res.cloudinary.com/dcglyvwza/image/upload/v1732988435/rideapp/tdeus7ymfyigjs6logam.jpg\", \"vehiclePicFront\": \"https://res.cloudinary.com/dcglyvwza/image/upload/v1732988446/rideapp/k4otuilbt36gydsbt4ur.jpg\"}', 0, '{\"year\": \"2021\", \"color\": \"cgcgct\", \"model\": \"yffdyd\"}', 'verified', '2024-11-30 09:40:53', '2024-12-25 07:53:07'),
(35, 38, '7', ' Truck 3 ton', 'Truck with capacity 3 ton', 'https://res.cloudinary.com/dcglyvwza/image/upload/v1733079765/rideapp/puwzdq51fla1o1sq9gqu.jpg', '{\"capacity\": \"3 ton\", \"features\": [\"Air Condition\", \"comfortable\", \"Fast\"]}', '{\"nid\": \"https://res.cloudinary.com/dcglyvwza/image/upload/v1733079822/rideapp/qqjwitm7nepmdumfmjb0.jpg\", \"drivingLicense\": \"https://res.cloudinary.com/dcglyvwza/image/upload/v1733079812/rideapp/jcirngfk9o5uw5mxcjam.jpg\", \"vehiclePicFront\": \"https://res.cloudinary.com/dcglyvwza/image/upload/v1733079832/rideapp/dpn8f5jttd5qvqrvsnvc.jpg\"}', 0, '{\"year\": \"2021\", \"color\": \"white\", \"model\": \"2024\"}', 'verified', '2024-12-01 11:03:56', '2024-12-25 07:53:33'),
(36, 14, '5', ' Truck 1 ton', 'Truck with capacity 1 ton', 'https://res.cloudinary.com/dcglyvwza/image/upload/v1733676429/rideapp/hdknv8kibnmnvlcc5n92.jpg', '{\"capacity\": \"1 ton\", \"features\": [\"Air Condition\", \"comfortable\", \"Fast\"]}', '{\"nid\": \"https://res.cloudinary.com/dcglyvwza/image/upload/v1733676552/rideapp/lavwsqgsiuimzhju0qts.jpg\", \"drivingLicense\": \"https://res.cloudinary.com/dcglyvwza/image/upload/v1733676530/rideapp/gsnzawhfuupmvvb4y0z5.jpg\", \"vehiclePicFront\": \"\", \"drivingLicenceNumber\": \"nnmkkk\"}', 0, '{\"year\": 2021, \"color\": \"\", \"model\": \"nnmmm\", \"number\": \"bjkkkj\"}', 'verified', '2024-12-08 08:49:17', '2025-01-28 16:57:22'),
(37, 42, '5', ' Truck 1 ton', 'Truck with capacity 1 ton', 'https://res.cloudinary.com/dcglyvwza/image/upload/v1733866871/rideapp/euxvtlslpzemwmummkd2.jpg', '{\"capacity\": \"1 ton\", \"features\": [\"Air Condition\", \"comfortable\", \"Fast\"]}', '{\"nid\": \"https://res.cloudinary.com/dcglyvwza/image/upload/v1733866925/rideapp/bqwurufsperuvoweuufj.jpg\", \"drivingLicense\": \"https://res.cloudinary.com/dcglyvwza/image/upload/v1733866915/rideapp/cd6itffun0xacxzfc6js.jpg\", \"vehiclePicFront\": \"\", \"drivingLicenceNumber\": \"123456\"}', 0, '{\"year\": 2021, \"color\": \"\", \"model\": \"tata\", \"number\": \"1234567\"}', 'verified', '2024-12-10 13:42:10', '2025-01-28 16:57:27'),
(38, 35, '5', ' Truck 1 ton', 'Truck with capacity 1 ton', 'https://res.cloudinary.com/dcglyvwza/image/upload/v1733879948/rideapp/qfscvrhf1srbh9ngqmb0.jpg', '{\"capacity\": \"1 ton\", \"features\": [\"Air Condition\", \"comfortable\", \"Fast\"]}', '{\"nid\": \"https://res.cloudinary.com/dcglyvwza/image/upload/v1733880040/rideapp/ijemqwn39wpbrnybsgnj.png\", \"drivingLicense\": \"https://res.cloudinary.com/dcglyvwza/image/upload/v1733880030/rideapp/ybpvv6ibcf9blixqzade.png\", \"vehiclePicFront\": \"https://res.cloudinary.com/dcglyvwza/image/upload/v1733880045/rideapp/vnf8sqycaqbs7ocjid31.png\", \"drivingLicenceNumber\": \"368998567ii\"}', 0, '{\"year\": 2021, \"color\": \"yullow\", \"model\": \"x2\", \"number\": \"123628\"}', 'verified', '2024-12-10 17:20:47', '2025-01-28 16:57:32'),
(39, 43, '5', ' Truck 1 ton', 'Truck with capacity 1 ton', 'https://res.cloudinary.com/dcglyvwza/image/upload/v1733880742/rideapp/fqtwond1otrtnhvhjxjc.png', '{\"capacity\": \"1 ton\", \"features\": [\"Air Condition\", \"comfortable\", \"Fast\"]}', '{\"nid\": \"https://res.cloudinary.com/dcglyvwza/image/upload/v1733880762/rideapp/iu5bnntgfxhzbqk1ilxy.png\", \"drivingLicense\": \"https://res.cloudinary.com/dcglyvwza/image/upload/v1733880759/rideapp/ak18tzi9snay7gnwcbzg.png\", \"vehiclePicFront\": \"\", \"drivingLicenceNumber\": \"245678\"}', 0, '{\"year\": 2021, \"color\": \"\", \"model\": \"x2\", \"number\": \"245778\"}', 'verified', '2024-12-10 17:32:46', '2024-12-23 14:18:36'),
(40, 45, '5', ' Truck 1 ton', 'Truck with capacity 1 ton', 'https://res.cloudinary.com/dcglyvwza/image/upload/v1733881017/rideapp/fmpk06dewyom2x5aqcn9.jpg', '{\"capacity\": \"1 ton\", \"features\": [\"Air Condition\", \"comfortable\", \"Fast\"]}', '{\"nid\": \"https://res.cloudinary.com/dcglyvwza/image/upload/v1733881043/rideapp/hx1gfybax77ip6bhky8q.jpg\", \"drivingLicense\": \"https://res.cloudinary.com/dcglyvwza/image/upload/v1733881033/rideapp/jyrm5bj8bhlqo3a97ine.jpg\", \"vehiclePicFront\": \"\", \"drivingLicenceNumber\": \"23556788\"}', 0, '{\"year\": 2021, \"color\": \"\", \"model\": \"356788\", \"number\": \"23568\"}', 'pending', '2024-12-10 17:37:25', '2024-12-10 17:37:25'),
(41, 46, '6', ' Truck 2 ton', 'Truck with capacity 2 ton', 'https://res.cloudinary.com/dcglyvwza/image/upload/v1733883962/rideapp/yqbkyodr93uqnaijmlke.jpg', '{\"capacity\": \"2 ton\", \"features\": [\"Air Condition\", \"comfortable\", \"Fast\"]}', '{\"nid\": \"https://res.cloudinary.com/dcglyvwza/image/upload/v1733884107/rideapp/wezxpaoi8euhptimzrs6.jpg\", \"drivingLicense\": \"https://res.cloudinary.com/dcglyvwza/image/upload/v1733884002/rideapp/uup0fbu7ocbyckmfnjrp.jpg\", \"vehiclePicFront\": \"\", \"drivingLicenceNumber\": \"1234566788\"}', 0, '{\"year\": 2021, \"color\": \"\", \"model\": \"123455\", \"number\": \"12455677\"}', 'pending', '2024-12-10 18:35:09', '2024-12-10 18:35:09'),
(42, 32, '6', ' Truck 2 ton', 'Truck with capacity 2 ton', 'https://res.cloudinary.com/dcglyvwza/image/upload/v1733888172/rideapp/gd26obxlos7qdxhs2mrm.jpg', '{\"capacity\": \"2 ton\", \"features\": [\"Air Condition\", \"comfortable\", \"Fast\"]}', '{\"nid\": \"https://res.cloudinary.com/dcglyvwza/image/upload/v1733888191/rideapp/q6y9y86oklfieqdrfu54.jpg\", \"drivingLicense\": \"https://res.cloudinary.com/dcglyvwza/image/upload/v1733888189/rideapp/bz4o2sw8nqennj39emeb.jpg\", \"vehiclePicFront\": \"\", \"drivingLicenceNumber\": \"jjc\"}', 0, '{\"year\": 2021, \"color\": \"\", \"model\": \"hchchhh\", \"number\": \"hcchc\"}', 'pending', '2024-12-10 19:36:34', '2024-12-10 19:36:34'),
(43, 36, '5', ' Truck 1 ton', 'Truck with capacity 1 ton', 'https://res.cloudinary.com/dcglyvwza/image/upload/v1733888986/rideapp/y1d2uinunwpol8loqz7o.jpg', '{\"capacity\": \"1 ton\", \"features\": [\"Air Condition\", \"comfortable\", \"Fast\"]}', '{\"nid\": \"https://res.cloudinary.com/dcglyvwza/image/upload/v1733889006/rideapp/ta1j9qwpd2jndfb1cm6e.jpg\", \"drivingLicense\": \"https://res.cloudinary.com/dcglyvwza/image/upload/v1733889000/rideapp/fjwignn3zoewaq30e3o0.jpg\", \"vehiclePicFront\": \"\", \"drivingLicenceNumber\": \"hchcc\"}', 0, '{\"year\": 2021, \"color\": \"\", \"model\": \"hxhchc\", \"number\": \"hcchgc\"}', 'pending', '2024-12-10 19:50:07', '2024-12-10 19:50:07'),
(44, 47, '5', ' Truck 1 ton', 'Truck with capacity 1 ton', 'https://res.cloudinary.com/dcglyvwza/image/upload/v1733889735/rideapp/fnehjzlwuvdbkfjlkpey.jpg', '{\"capacity\": \"1 ton\", \"features\": [\"Air Condition\", \"comfortable\", \"Fast\"]}', '{\"nid\": \"https://res.cloudinary.com/dcglyvwza/image/upload/v1733889749/rideapp/j8xlg4q8v6bloyndts3y.jpg\", \"drivingLicense\": \"https://res.cloudinary.com/dcglyvwza/image/upload/v1733889748/rideapp/xzfrztdqai3dbif233dl.jpg\", \"vehiclePicFront\": \"\", \"drivingLicenceNumber\": \" h h h\"}', 0, '{\"year\": 2021, \"color\": \"\", \"model\": \"hcchc\", \"number\": \"vnnhc\"}', 'pending', '2024-12-10 20:02:32', '2024-12-10 20:02:32'),
(45, 37, '5', ' Truck 1 ton', 'Truck with capacity 1 ton', 'https://res.cloudinary.com/dcglyvwza/image/upload/v1733974778/rideapp/toavhedswcy3vowdbmb6.jpg', '{\"capacity\": \"1 ton\", \"features\": [\"Air Condition\", \"comfortable\", \"Fast\"]}', '{\"nid\": \"https://res.cloudinary.com/dcglyvwza/image/upload/v1733974796/rideapp/edu9axinzejqsujlsejv.jpg\", \"drivingLicense\": \"https://res.cloudinary.com/dcglyvwza/image/upload/v1733974791/rideapp/rvd39mnq2rfqyfagptsk.jpg\", \"vehiclePicFront\": \"\", \"drivingLicenceNumber\": \"gfd\"}', 0, '{\"year\": 2021, \"color\": \"\", \"model\": \"gfd\", \"number\": \"tdf\"}', 'verified', '2024-12-11 19:39:57', '2025-01-28 16:59:38'),
(46, 17, '5', ' Truck 1 ton', 'Truck with capacity 1 ton', 'https://res.cloudinary.com/dcglyvwza/image/upload/v1733978845/rideapp/rrp9we2d8shjj0fq4gfp.jpg', '{\"capacity\": \"1 ton\", \"features\": [\"Air Condition\", \"comfortable\", \"Fast\"]}', '{\"nid\": \"https://res.cloudinary.com/dcglyvwza/image/upload/v1733978954/rideapp/k8navfpowl9nvwscagjg.jpg\", \"drivingLicense\": \"https://res.cloudinary.com/dcglyvwza/image/upload/v1733978946/rideapp/zzac62tzhrnkbrhwngib.jpg\", \"vehiclePicFront\": \"\", \"drivingLicenceNumber\": \"ggjkkkg\"}', 0, '{\"year\": 2021, \"color\": \"\", \"model\": \"cool\", \"number\": \"vbjjj\"}', 'verified', '2024-12-11 20:49:18', '2025-01-28 16:59:33'),
(47, 49, '5', ' Truck 1 ton', 'Truck with capacity 1 ton', 'https://res.cloudinary.com/dcglyvwza/image/upload/v1733987051/rideapp/rp5vyrlgswaxz8gvnwob.jpg', '{\"capacity\": \"1 ton\", \"features\": [\"Air Condition\", \"comfortable\", \"Fast\"]}', '{\"nid\": \"https://res.cloudinary.com/dcglyvwza/image/upload/v1733987087/rideapp/ov7iebav1uxtkhokf2ac.jpg\", \"drivingLicense\": \"https://res.cloudinary.com/dcglyvwza/image/upload/v1733987074/rideapp/chx8ysludyigb7tsqlyr.jpg\", \"vehiclePicFront\": \"\", \"drivingLicenceNumber\": \"gthjuuu\"}', 0, '{\"year\": 2021, \"color\": \"\", \"model\": \"ryyrrttt\", \"number\": \"2565266\"}', 'verified', '2024-12-11 23:04:53', '2025-01-28 16:59:30'),
(48, 43, '5', ' Truck 1 ton', 'Truck with capacity 1 ton', 'https://res.cloudinary.com/dcglyvwza/image/upload/v1734066536/rideapp/kuyycktwk4rpwsd4mexj.png', '{\"capacity\": \"1 ton\", \"features\": [\"Air Condition\", \"comfortable\", \"Fast\"]}', '{\"nid\": \"https://res.cloudinary.com/dcglyvwza/image/upload/v1734066553/rideapp/syndir92xhdqigh58dl7.png\", \"drivingLicense\": \"https://res.cloudinary.com/dcglyvwza/image/upload/v1734066553/rideapp/pnl4ruef8h8qb2ylvqye.png\", \"vehiclePicFront\": \"\", \"drivingLicenceNumber\": \"5262778\"}', 0, '{\"year\": 2021, \"color\": \"\", \"model\": \"56778\", \"number\": \"5637838\"}', 'verified', '2024-12-12 21:09:16', '2025-01-28 16:59:27'),
(49, 62, '5', ' Truck 1 ton', 'Truck with capacity 1 ton', 'https://res.cloudinary.com/dcglyvwza/image/upload/v1737207531/rideapp/i4wqb0c1mrlmq5volc6w.jpg', '\"{\\\"capacity\\\": \\\"1 ton\\\", \\\"features\\\": [\\\"Air Condition\\\", \\\"comfortable\\\", \\\"Fast\\\"]}\"', '{\"drivingLicense\":\"https://res.cloudinary.com/dcglyvwza/image/upload/v1737207557/rideapp/rjevjy8uva8rr2zp2ifh.jpg\",\"drivingLicenceNumber\":\"54454\",\"nid\":\"https://res.cloudinary.com/dcglyvwza/image/upload/v1737207562/rideapp/jvutuqcjdldlyfwh8n2v.jpg\",\"vehiclePicFront\":\"\"}', 0, '{\"number\":\"56156\",\"model\":\"fgafffa\",\"year\":2021,\"color\":\"\"}', 'verified', '2025-01-18 13:39:25', '2025-01-28 16:59:23'),
(50, 62, '5', ' Truck 1 ton', 'Truck with capacity 1 ton', 'https://res.cloudinary.com/dcglyvwza/image/upload/v1737207531/rideapp/i4wqb0c1mrlmq5volc6w.jpg', '\"{\\\"capacity\\\": \\\"1 ton\\\", \\\"features\\\": [\\\"Air Condition\\\", \\\"comfortable\\\", \\\"Fast\\\"]}\"', '{\"drivingLicense\":\"https://res.cloudinary.com/dcglyvwza/image/upload/v1737207557/rideapp/rjevjy8uva8rr2zp2ifh.jpg\",\"drivingLicenceNumber\":\"54454\",\"nid\":\"https://res.cloudinary.com/dcglyvwza/image/upload/v1737207562/rideapp/jvutuqcjdldlyfwh8n2v.jpg\",\"vehiclePicFront\":\"\"}', 0, '{\"number\":\"56156\",\"model\":\"fgafffa\",\"year\":2021,\"color\":\"\"}', 'verified', '2025-01-18 13:39:37', '2025-01-28 16:59:21'),
(51, 62, '5', ' Truck 1 ton', 'Truck with capacity 1 ton', 'https://res.cloudinary.com/dcglyvwza/image/upload/v1737207531/rideapp/i4wqb0c1mrlmq5volc6w.jpg', '\"{\\\"capacity\\\": \\\"1 ton\\\", \\\"features\\\": [\\\"Air Condition\\\", \\\"comfortable\\\", \\\"Fast\\\"]}\"', '{\"drivingLicense\":\"https://res.cloudinary.com/dcglyvwza/image/upload/v1737207557/rideapp/rjevjy8uva8rr2zp2ifh.jpg\",\"drivingLicenceNumber\":\"54454\",\"nid\":\"https://res.cloudinary.com/dcglyvwza/image/upload/v1737207562/rideapp/jvutuqcjdldlyfwh8n2v.jpg\",\"vehiclePicFront\":\"\"}', 0, '{\"number\":\"56156\",\"model\":\"fgafffa\",\"year\":2021,\"color\":\"\"}', 'verified', '2025-01-18 13:39:41', '2025-01-28 16:59:16'),
(52, 62, '5', ' Truck 1 ton', 'Truck with capacity 1 ton', 'https://res.cloudinary.com/dcglyvwza/image/upload/v1737207531/rideapp/i4wqb0c1mrlmq5volc6w.jpg', '\"{\\\"capacity\\\": \\\"1 ton\\\", \\\"features\\\": [\\\"Air Condition\\\", \\\"comfortable\\\", \\\"Fast\\\"]}\"', '{\"drivingLicense\":\"https://res.cloudinary.com/dcglyvwza/image/upload/v1737207557/rideapp/rjevjy8uva8rr2zp2ifh.jpg\",\"drivingLicenceNumber\":\"54454\",\"nid\":\"https://res.cloudinary.com/dcglyvwza/image/upload/v1737207562/rideapp/jvutuqcjdldlyfwh8n2v.jpg\",\"vehiclePicFront\":\"\"}', 0, '{\"number\":\"56156\",\"model\":\"fgafffa\",\"year\":2021,\"color\":\"\"}', 'verified', '2025-01-18 13:39:44', '2025-01-28 16:59:12'),
(53, 62, '5', ' Truck 1 ton', 'Truck with capacity 1 ton', 'https://res.cloudinary.com/dcglyvwza/image/upload/v1737207531/rideapp/i4wqb0c1mrlmq5volc6w.jpg', '\"{\\\"capacity\\\": \\\"1 ton\\\", \\\"features\\\": [\\\"Air Condition\\\", \\\"comfortable\\\", \\\"Fast\\\"]}\"', '{\"drivingLicense\":\"https://res.cloudinary.com/dcglyvwza/image/upload/v1737207557/rideapp/rjevjy8uva8rr2zp2ifh.jpg\",\"drivingLicenceNumber\":\"54454\",\"nid\":\"https://res.cloudinary.com/dcglyvwza/image/upload/v1737207562/rideapp/jvutuqcjdldlyfwh8n2v.jpg\",\"vehiclePicFront\":\"\"}', 0, '{\"number\":\"56156\",\"model\":\"fgafffa\",\"year\":2021,\"color\":\"\"}', 'verified', '2025-01-18 13:39:49', '2025-01-28 16:59:09'),
(54, 62, '5', ' Truck 1 ton', 'Truck with capacity 1 ton', 'https://res.cloudinary.com/dcglyvwza/image/upload/v1737207531/rideapp/i4wqb0c1mrlmq5volc6w.jpg', '\"{\\\"capacity\\\": \\\"1 ton\\\", \\\"features\\\": [\\\"Air Condition\\\", \\\"comfortable\\\", \\\"Fast\\\"]}\"', '{\"drivingLicense\":\"https://res.cloudinary.com/dcglyvwza/image/upload/v1737207557/rideapp/rjevjy8uva8rr2zp2ifh.jpg\",\"drivingLicenceNumber\":\"54454\",\"nid\":\"https://res.cloudinary.com/dcglyvwza/image/upload/v1737207562/rideapp/jvutuqcjdldlyfwh8n2v.jpg\",\"vehiclePicFront\":\"\"}', 0, '{\"number\":\"56156\",\"model\":\"fgafffa\",\"year\":2021,\"color\":\"\"}', 'verified', '2025-01-18 13:39:59', '2025-01-28 16:59:05'),
(55, 62, '5', ' Truck 1 ton', 'Truck with capacity 1 ton', 'https://res.cloudinary.com/dcglyvwza/image/upload/v1737207531/rideapp/i4wqb0c1mrlmq5volc6w.jpg', '\"{\\\"capacity\\\": \\\"1 ton\\\", \\\"features\\\": [\\\"Air Condition\\\", \\\"comfortable\\\", \\\"Fast\\\"]}\"', '{\"drivingLicense\":\"https://res.cloudinary.com/dcglyvwza/image/upload/v1737207557/rideapp/rjevjy8uva8rr2zp2ifh.jpg\",\"drivingLicenceNumber\":\"54454\",\"nid\":\"https://res.cloudinary.com/dcglyvwza/image/upload/v1737207562/rideapp/jvutuqcjdldlyfwh8n2v.jpg\",\"vehiclePicFront\":\"\"}', 0, '{\"number\":\"56156\",\"model\":\"fgafffa\",\"year\":2021,\"color\":\"\"}', 'verified', '2025-01-18 13:40:03', '2025-01-28 16:59:01'),
(56, 62, '5', ' Truck 1 ton', 'Truck with capacity 1 ton', 'https://res.cloudinary.com/dcglyvwza/image/upload/v1737281642/rideapp/ksfwephbcjaludceauzz.jpg', '\"{\\\"capacity\\\": \\\"1 ton\\\", \\\"features\\\": [\\\"Air Condition\\\", \\\"comfortable\\\", \\\"Fast\\\"]}\"', '{\"drivingLicense\":\"https://res.cloudinary.com/dcglyvwza/image/upload/v1737281662/rideapp/za5c4qlq7fpuj3vcgurd.jpg\",\"drivingLicenceNumber\":\"4554555\",\"nid\":\"https://res.cloudinary.com/dcglyvwza/image/upload/v1737281666/rideapp/upxfzssrcv6dyffadtcl.jpg\",\"vehiclePicFront\":\"\"}', 0, '{\"number\":\"21454\",\"model\":\"45554\",\"year\":2021,\"color\":\"\"}', 'verified', '2025-01-19 10:14:29', '2025-01-28 16:58:57'),
(57, 62, '5', ' Truck 1 ton', 'Truck with capacity 1 ton', 'https://res.cloudinary.com/dcglyvwza/image/upload/v1737281642/rideapp/ksfwephbcjaludceauzz.jpg', '\"{\\\"capacity\\\": \\\"1 ton\\\", \\\"features\\\": [\\\"Air Condition\\\", \\\"comfortable\\\", \\\"Fast\\\"]}\"', '{\"drivingLicense\":\"https://res.cloudinary.com/dcglyvwza/image/upload/v1737281662/rideapp/za5c4qlq7fpuj3vcgurd.jpg\",\"drivingLicenceNumber\":\"4554555\",\"nid\":\"https://res.cloudinary.com/dcglyvwza/image/upload/v1737281666/rideapp/upxfzssrcv6dyffadtcl.jpg\",\"vehiclePicFront\":\"\"}', 0, '{\"number\":\"21454\",\"model\":\"45554\",\"year\":2021,\"color\":\"\"}', 'verified', '2025-01-19 10:14:43', '2025-01-28 16:58:53'),
(58, 62, '5', ' Truck 1 ton', 'Truck with capacity 1 ton', 'https://res.cloudinary.com/dcglyvwza/image/upload/v1737281642/rideapp/ksfwephbcjaludceauzz.jpg', '\"{\\\"capacity\\\": \\\"1 ton\\\", \\\"features\\\": [\\\"Air Condition\\\", \\\"comfortable\\\", \\\"Fast\\\"]}\"', '{\"drivingLicense\":\"https://res.cloudinary.com/dcglyvwza/image/upload/v1737281662/rideapp/za5c4qlq7fpuj3vcgurd.jpg\",\"drivingLicenceNumber\":\"4554555\",\"nid\":\"https://res.cloudinary.com/dcglyvwza/image/upload/v1737281666/rideapp/upxfzssrcv6dyffadtcl.jpg\",\"vehiclePicFront\":\"\"}', 0, '{\"number\":\"21454\",\"model\":\"45554\",\"year\":2021,\"color\":\"\"}', 'verified', '2025-01-19 10:14:46', '2025-01-28 16:58:46'),
(59, 62, '5', ' Truck 1 ton', 'Truck with capacity 1 ton', 'https://res.cloudinary.com/dcglyvwza/image/upload/v1737281642/rideapp/ksfwephbcjaludceauzz.jpg', '\"{\\\"capacity\\\": \\\"1 ton\\\", \\\"features\\\": [\\\"Air Condition\\\", \\\"comfortable\\\", \\\"Fast\\\"]}\"', '{\"drivingLicense\":\"https://res.cloudinary.com/dcglyvwza/image/upload/v1737281662/rideapp/za5c4qlq7fpuj3vcgurd.jpg\",\"drivingLicenceNumber\":\"4554555\",\"nid\":\"https://res.cloudinary.com/dcglyvwza/image/upload/v1737281666/rideapp/upxfzssrcv6dyffadtcl.jpg\",\"vehiclePicFront\":\"\"}', 0, '{\"number\":\"21454\",\"model\":\"45554\",\"year\":2021,\"color\":\"\"}', 'verified', '2025-01-19 10:14:49', '2025-01-28 16:58:42'),
(60, 62, '5', ' Truck 1 ton', 'Truck with capacity 1 ton', 'https://res.cloudinary.com/dcglyvwza/image/upload/v1737281642/rideapp/ksfwephbcjaludceauzz.jpg', '\"{\\\"capacity\\\": \\\"1 ton\\\", \\\"features\\\": [\\\"Air Condition\\\", \\\"comfortable\\\", \\\"Fast\\\"]}\"', '{\"drivingLicense\":\"https://res.cloudinary.com/dcglyvwza/image/upload/v1737281662/rideapp/za5c4qlq7fpuj3vcgurd.jpg\",\"drivingLicenceNumber\":\"4554555\",\"nid\":\"https://res.cloudinary.com/dcglyvwza/image/upload/v1737281666/rideapp/upxfzssrcv6dyffadtcl.jpg\",\"vehiclePicFront\":\"\"}', 0, '{\"number\":\"21454\",\"model\":\"45554\",\"year\":2021,\"color\":\"\"}', 'verified', '2025-01-19 10:14:51', '2025-01-28 16:58:38'),
(61, 62, '5', ' Truck 1 ton', 'Truck with capacity 1 ton', 'https://res.cloudinary.com/dcglyvwza/image/upload/v1737281891/rideapp/ad3nqpwnifirf0efevmg.jpg', '\"{\\\"capacity\\\": \\\"1 ton\\\", \\\"features\\\": [\\\"Air Condition\\\", \\\"comfortable\\\", \\\"Fast\\\"]}\"', '{\"drivingLicense\":\"https://res.cloudinary.com/dcglyvwza/image/upload/v1737281909/rideapp/acgkeirh1kgh65q4mqfa.jpg\",\"drivingLicenceNumber\":\"45545\",\"nid\":\"https://res.cloudinary.com/dcglyvwza/image/upload/v1737281912/rideapp/jjiifpzw66mgevqrbdty.jpg\",\"vehiclePicFront\":\"\"}', 0, '{\"number\":\"45554\",\"model\":\"4554\",\"year\":2021,\"color\":\"\"}', 'verified', '2025-01-19 10:18:36', '2025-01-28 16:58:34'),
(62, 62, '5', ' Truck 1 ton', 'Truck with capacity 1 ton', 'https://res.cloudinary.com/dcglyvwza/image/upload/v1737282037/rideapp/hgalhtg918tihjs3qsns.jpg', '\"{\\\"capacity\\\": \\\"1 ton\\\", \\\"features\\\": [\\\"Air Condition\\\", \\\"comfortable\\\", \\\"Fast\\\"]}\"', '{\"drivingLicense\":\"https://res.cloudinary.com/dcglyvwza/image/upload/v1737282055/rideapp/mgwloycxlbpnj0esdydp.jpg\",\"drivingLicenceNumber\":\"safdaf\",\"nid\":\"https://res.cloudinary.com/dcglyvwza/image/upload/v1737282060/rideapp/oqrtcpd494ygy865q0fj.jpg\",\"vehiclePicFront\":\"\"}', 0, '{\"number\":\"fdaffds\",\"model\":\"afsf\",\"year\":2021,\"color\":\"\"}', 'verified', '2025-01-19 10:21:03', '2025-01-28 16:58:30'),
(63, 62, '5', ' Truck 1 ton', 'Truck with capacity 1 ton', 'https://res.cloudinary.com/dcglyvwza/image/upload/v1737282037/rideapp/hgalhtg918tihjs3qsns.jpg', '\"{\\\"capacity\\\": \\\"1 ton\\\", \\\"features\\\": [\\\"Air Condition\\\", \\\"comfortable\\\", \\\"Fast\\\"]}\"', '{\"drivingLicense\":\"https://res.cloudinary.com/dcglyvwza/image/upload/v1737282055/rideapp/mgwloycxlbpnj0esdydp.jpg\",\"drivingLicenceNumber\":\"safdaf\",\"nid\":\"https://res.cloudinary.com/dcglyvwza/image/upload/v1737282060/rideapp/oqrtcpd494ygy865q0fj.jpg\",\"vehiclePicFront\":\"\"}', 0, '{\"number\":\"fdaffds\",\"model\":\"afsf\",\"year\":2021,\"color\":\"\"}', 'verified', '2025-01-19 10:21:17', '2025-01-28 16:58:26'),
(64, 62, '5', ' Truck 1 ton', 'Truck with capacity 1 ton', 'https://res.cloudinary.com/dcglyvwza/image/upload/v1737282037/rideapp/hgalhtg918tihjs3qsns.jpg', '\"{\\\"capacity\\\": \\\"1 ton\\\", \\\"features\\\": [\\\"Air Condition\\\", \\\"comfortable\\\", \\\"Fast\\\"]}\"', '{\"drivingLicense\":\"https://res.cloudinary.com/dcglyvwza/image/upload/v1737282055/rideapp/mgwloycxlbpnj0esdydp.jpg\",\"drivingLicenceNumber\":\"safdaf\",\"nid\":\"https://res.cloudinary.com/dcglyvwza/image/upload/v1737282060/rideapp/oqrtcpd494ygy865q0fj.jpg\",\"vehiclePicFront\":\"\"}', 0, '{\"number\":\"fdaffds\",\"model\":\"afsf\",\"year\":2021,\"color\":\"\"}', 'verified', '2025-01-19 10:21:48', '2025-01-28 16:58:22'),
(65, 62, '5', ' Truck 1 ton', 'Truck with capacity 1 ton', 'https://res.cloudinary.com/dcglyvwza/image/upload/v1737282180/rideapp/r6gltyv7psmtehqpboj9.jpg', '\"{\\\"capacity\\\": \\\"1 ton\\\", \\\"features\\\": [\\\"Air Condition\\\", \\\"comfortable\\\", \\\"Fast\\\"]}\"', '{\"drivingLicense\":\"https://res.cloudinary.com/dcglyvwza/image/upload/v1737282196/rideapp/abq9jq2h3kfoxzqfvcrm.jpg\",\"drivingLicenceNumber\":\"asfffd\",\"nid\":\"https://res.cloudinary.com/dcglyvwza/image/upload/v1737282200/rideapp/rzyryxvof8ymx2mqrdtc.jpg\",\"vehiclePicFront\":\"\"}', 0, '{\"number\":\"sadfdfa\",\"model\":\"saff\",\"year\":2021,\"color\":\"\"}', 'verified', '2025-01-19 10:23:23', '2025-01-28 16:58:19'),
(66, 62, '5', ' Truck 1 ton', 'Truck with capacity 1 ton', 'https://res.cloudinary.com/dcglyvwza/image/upload/v1737282180/rideapp/r6gltyv7psmtehqpboj9.jpg', '\"{\\\"capacity\\\": \\\"1 ton\\\", \\\"features\\\": [\\\"Air Condition\\\", \\\"comfortable\\\", \\\"Fast\\\"]}\"', '{\"drivingLicense\":\"https://res.cloudinary.com/dcglyvwza/image/upload/v1737282196/rideapp/abq9jq2h3kfoxzqfvcrm.jpg\",\"drivingLicenceNumber\":\"asfffd\",\"nid\":\"https://res.cloudinary.com/dcglyvwza/image/upload/v1737282200/rideapp/rzyryxvof8ymx2mqrdtc.jpg\",\"vehiclePicFront\":\"\"}', 0, '{\"number\":\"sadfdfa\",\"model\":\"saff\",\"year\":2021,\"color\":\"\"}', 'verified', '2025-01-19 10:32:48', '2025-01-28 16:58:14'),
(67, 62, '5', ' Truck 1 ton', 'Truck with capacity 1 ton', 'https://res.cloudinary.com/dcglyvwza/image/upload/v1737282180/rideapp/r6gltyv7psmtehqpboj9.jpg', '\"{\\\"capacity\\\": \\\"1 ton\\\", \\\"features\\\": [\\\"Air Condition\\\", \\\"comfortable\\\", \\\"Fast\\\"]}\"', '{\"drivingLicense\":\"https://res.cloudinary.com/dcglyvwza/image/upload/v1737282196/rideapp/abq9jq2h3kfoxzqfvcrm.jpg\",\"drivingLicenceNumber\":\"asfffd\",\"nid\":\"https://res.cloudinary.com/dcglyvwza/image/upload/v1737282200/rideapp/rzyryxvof8ymx2mqrdtc.jpg\",\"vehiclePicFront\":\"\"}', 0, '{\"number\":\"sadfdfa\",\"model\":\"saff\",\"year\":2021,\"color\":\"\"}', 'verified', '2025-01-19 10:32:52', '2025-01-28 16:58:10'),
(68, 62, '5', ' Truck 1 ton', 'Truck with capacity 1 ton', 'https://res.cloudinary.com/dcglyvwza/image/upload/v1737283177/rideapp/yfzyaty8x5qupzbyv2v9.jpg', '\"{\\\"capacity\\\": \\\"1 ton\\\", \\\"features\\\": [\\\"Air Condition\\\", \\\"comfortable\\\", \\\"Fast\\\"]}\"', '{\"drivingLicense\":\"https://res.cloudinary.com/dcglyvwza/image/upload/v1737283193/rideapp/sz84oqruq7sk6k1cxlny.jpg\",\"drivingLicenceNumber\":\"afdsa\",\"nid\":\"https://res.cloudinary.com/dcglyvwza/image/upload/v1737283197/rideapp/e9mu1zbnagjyrvflhunj.jpg\",\"vehiclePicFront\":\"\"}', 0, '{\"number\":\"dasfa\",\"model\":\"adfssa\",\"year\":2021,\"color\":\"\"}', 'verified', '2025-01-19 10:39:59', '2025-01-28 16:58:05'),
(69, 62, '5', ' Truck 1 ton', 'Truck with capacity 1 ton', 'https://res.cloudinary.com/dcglyvwza/image/upload/v1737283177/rideapp/yfzyaty8x5qupzbyv2v9.jpg', '\"{\\\"capacity\\\": \\\"1 ton\\\", \\\"features\\\": [\\\"Air Condition\\\", \\\"comfortable\\\", \\\"Fast\\\"]}\"', '{\"drivingLicense\":\"https://res.cloudinary.com/dcglyvwza/image/upload/v1737283193/rideapp/sz84oqruq7sk6k1cxlny.jpg\",\"drivingLicenceNumber\":\"afdsa\",\"nid\":\"https://res.cloudinary.com/dcglyvwza/image/upload/v1737283197/rideapp/e9mu1zbnagjyrvflhunj.jpg\",\"vehiclePicFront\":\"\"}', 0, '{\"number\":\"dasfa\",\"model\":\"adfssa\",\"year\":2021,\"color\":\"\"}', 'verified', '2025-01-19 10:40:04', '2025-01-28 16:58:02'),
(70, 62, '5', ' Truck 1 ton', 'Truck with capacity 1 ton', 'https://res.cloudinary.com/dcglyvwza/image/upload/v1737293123/rideapp/dpf1bdhhzztomuvonadn.jpg', '\"{\\\"capacity\\\": \\\"1 ton\\\", \\\"features\\\": [\\\"Air Condition\\\", \\\"comfortable\\\", \\\"Fast\\\"]}\"', '{\"drivingLicense\":\"https://res.cloudinary.com/dcglyvwza/image/upload/v1737293139/rideapp/dnet6jfnrjqkczt2xpgu.jpg\",\"drivingLicenceNumber\":\"545454\",\"nid\":\"https://res.cloudinary.com/dcglyvwza/image/upload/v1737293143/rideapp/fv5sr5qhccyxgo0bvkso.jpg\",\"vehiclePicFront\":\"\"}', 0, '{\"number\":\"545454\",\"model\":\"54545\",\"year\":2021,\"color\":\"\"}', 'verified', '2025-01-19 13:25:45', '2025-01-28 16:57:58');

-- --------------------------------------------------------

--
-- Table structure for table `ratings`
--

CREATE TABLE `ratings` (
  `rating_id` int(11) NOT NULL,
  `ride_request_id` varchar(255) NOT NULL,
  `from_user_id` int(11) NOT NULL,
  `to_user_id` int(11) NOT NULL,
  `rating` int(11) NOT NULL,
  `review` text DEFAULT NULL,
  `created_at` timestamp NOT NULL DEFAULT current_timestamp()
) ENGINE=InnoDB DEFAULT CHARSET=utf8mb4 COLLATE=utf8mb4_general_ci;

--
-- Dumping data for table `ratings`
--

INSERT INTO `ratings` (`rating_id`, `ride_request_id`, `from_user_id`, `to_user_id`, `rating`, `review`, `created_at`) VALUES
(0, '289', 62, 65, 5, '', '2025-02-18 11:39:49'),
(0, '289', 65, 62, 5, '', '2025-02-18 11:41:01'),
(0, '290', 62, 65, 5, 'good', '2025-02-18 11:49:04'),
(0, '290', 65, 62, 5, 'welld', '2025-02-18 11:49:21');

-- --------------------------------------------------------

--
-- Table structure for table `ridesharing`
--

CREATE TABLE `ridesharing` (
  `id` int(11) NOT NULL,
  `driver_id` int(11) NOT NULL,
  `vehicle` varchar(255) NOT NULL,
  `vehicle_number` varchar(255) NOT NULL,
  `available_seats` int(11) NOT NULL,
  `total_seats` int(11) NOT NULL,
  `per_seat_price` decimal(10,2) NOT NULL,
  `pickup_point` longtext CHARACTER SET utf8mb4 COLLATE utf8mb4_bin NOT NULL CHECK (json_valid(`pickup_point`)),
  `destination_point` longtext CHARACTER SET utf8mb4 COLLATE utf8mb4_bin NOT NULL CHECK (json_valid(`destination_point`)),
  `ride_time` datetime NOT NULL,
  `status` enum('pending','active','completed','canceled') DEFAULT 'pending',
  `created_at` datetime DEFAULT current_timestamp(),
  `updated_at` datetime DEFAULT current_timestamp() ON UPDATE current_timestamp(),
  `polyline` longtext CHARACTER SET utf8mb4 COLLATE utf8mb4_bin NOT NULL COMMENT 'List of coordinates for the ride''s path' CHECK (json_valid(`polyline`))
) ENGINE=InnoDB DEFAULT CHARSET=utf8mb4 COLLATE=utf8mb4_general_ci;

--
-- Dumping data for table `ridesharing`
--

INSERT INTO `ridesharing` (`id`, `driver_id`, `vehicle`, `vehicle_number`, `available_seats`, `total_seats`, `per_seat_price`, `pickup_point`, `destination_point`, `ride_time`, `status`, `created_at`, `updated_at`, `polyline`) VALUES
(1, 1, 'Toyota Prius', 'ABC-123', 3, 4, 15.50, '{\"lat\": 40.712776, \"lng\": -74.005974, \"address\": \"New York City, NY, USA\"}', '{\"lat\": 40.73061, \"lng\": -73.935242, \"address\": \"Queens, NY, USA\"}', '2024-09-10 08:00:00', 'canceled', '2024-09-06 05:40:53', '2024-09-07 03:46:08', '[[40.712776, -74.005974], [40.719276, -73.998122], [40.73061, -73.935242]]'),
(2, 1, 'Toyota Prius', 'ABC-123', 3, 4, 15.50, '{\"lat\": 40.712776, \"lng\": -74.005974, \"address\": \"New York City, NY, USA\"}', '{\"lat\": 40.73061, \"lng\": -73.935242, \"address\": \"Queens, NY, USA\"}', '2024-09-10 08:00:00', 'pending', '2024-09-07 04:18:04', '2024-09-07 04:18:04', '[[40.712776, -74.005974], [40.719276, -73.998122], [40.73061, -73.935242]]'),
(3, 1, 'Toyota Prius', 'ABC-123', 3, 4, 15.50, '{\"lat\": 40.712776, \"lng\": -74.005974, \"address\": \"New York City, NY, USA\"}', '{\"lat\": 40.73061, \"lng\": -73.935242, \"address\": \"Queens, NY, USA\"}', '2024-09-10 08:00:00', 'pending', '2024-09-07 04:18:49', '2024-09-07 04:18:49', '[[40.712776, -74.005974], [40.719276, -73.998122], [40.73061, -73.935242]]'),
(4, 1, 'Toyota Prius', 'ABC-123', 3, 4, 15.50, '{\"lat\": 40.712776, \"lng\": -74.005974, \"address\": \"New York City, NY, USA\"}', '{\"lat\": 40.73061, \"lng\": -73.935242, \"address\": \"Queens, NY, USA\"}', '2024-09-10 08:00:00', 'pending', '2024-09-07 04:47:40', '2024-09-07 04:47:40', '[[40.712776, -74.005974], [40.719276, -73.998122], [40.73061, -73.935242]]'),
(5, 1, 'Toyota Prius', 'ABC-123', 3, 4, 15.50, '{\"lat\": 40.712776, \"lng\": -74.005974, \"address\": \"New York City, NY, USA\"}', '{\"lat\": 40.73061, \"lng\": -73.935242, \"address\": \"Queens, NY, USA\"}', '2024-09-10 14:00:00', 'pending', '2024-09-07 14:05:14', '2024-09-07 14:05:14', '[[40.712776, -74.005974], [40.719276, -73.998122], [40.73061, -73.935242]]'),
(6, 1, 'Toyota Prius', 'ABC-123', 3, 4, 15.50, '{\"lat\": 40.712776, \"lng\": -74.005974, \"address\": \"New York City, NY, USA\"}', '{\"lat\": 40.73061, \"lng\": -73.935242, \"address\": \"Queens, NY, USA\"}', '2024-09-10 14:00:00', 'pending', '2024-09-07 14:06:58', '2024-09-07 14:06:58', '[[40.712776, -74.005974], [40.719276, -73.998122], [40.73061, -73.935242]]'),
(7, 17, 'range rover', 'cha-12-13', 4, 4, 0.00, '{\"lat\": 23.795227, \"lng\": 90.4287141, \"address\": \"ORNATE HOUSE,1181 NURERCHALA MAN ROAD Dhaka, Dhaka 1212, Bangladesh\"}', '{\"lat\": 23.7674695, \"lng\": 90.4231194, \"address\": \"Rampura-Banasree, QC8F+X6Q, Traffic Signal, Dhaka 1212, Bangladesh\"}', '2024-09-12 14:16:39', 'pending', '2024-09-12 07:16:52', '2024-09-12 07:16:52', '[[23.79515, 90.42872], [23.79514, 90.42856], [23.7951, 90.42818], [23.79507, 90.42806], [23.79506, 90.42799], [23.7951, 90.42792], [23.79517, 90.42782], [23.79518, 90.42778], [23.79509, 90.42743], [23.79494, 90.42688], [23.79476, 90.42648], [23.79474, 90.42623], [23.7946, 90.42575], [23.79456, 90.42557], [23.79458, 90.42506], [23.79453, 90.42437], [23.79451, 90.42416], [23.79418, 90.42423], [23.79319, 90.42442], [23.79221, 90.42459], [23.7915, 90.42473], [23.79049, 90.42493], [23.78907, 90.42518], [23.78733, 90.42545], [23.78607, 90.42566], [23.78579, 90.4257], [23.7851, 90.42579], [23.78436, 90.42587], [23.78364, 90.42589], [23.7824, 90.42585], [23.7812, 90.42573], [23.77943, 90.42564], [23.77874, 90.42567], [23.77767, 90.4258], [23.77686, 90.42581], [23.77659, 90.42586], [23.77633, 90.42593], [23.77605, 90.42601], [23.77563, 90.42608], [23.77502, 90.4261], [23.77482, 90.42608], [23.7746, 90.42603], [23.77445, 90.42596], [23.77414, 90.42586], [23.77382, 90.42581], [23.77348, 90.42576], [23.77282, 90.42566], [23.77229, 90.42557], [23.77199, 90.42547], [23.77166, 90.42536], [23.77117, 90.42512], [23.771, 90.42504], [23.77033, 90.42468], [23.76936, 90.42412], [23.76881, 90.42377], [23.76752, 90.42301]]'),
(8, 17, 'range rover', 'cha-12-13', 4, 4, 100.00, '{\"lat\": 23.795227, \"lng\": 90.4287141, \"address\": \"ORNATE HOUSE,1181 NURERCHALA MAN ROAD Dhaka, Dhaka 1212, Bangladesh\"}', '{\"lat\": 23.7676591, \"lng\": 90.4223679, \"address\": \"QC9C+2W8, Hatirjheel Road, Dhaka 1219, Bangladesh\"}', '2024-09-14 12:43:57', 'pending', '2024-09-14 06:51:18', '2024-09-14 06:51:18', '[[23.79515, 90.42872], [23.79514, 90.42856], [23.7951, 90.42818], [23.79507, 90.42806], [23.79506, 90.42799], [23.7951, 90.42792], [23.79517, 90.42782], [23.79518, 90.42778], [23.79509, 90.42743], [23.79494, 90.42688], [23.79476, 90.42648], [23.79474, 90.42623], [23.7946, 90.42575], [23.79456, 90.42557], [23.79458, 90.42506], [23.79453, 90.42437], [23.79451, 90.42416], [23.79418, 90.42423], [23.79319, 90.42442], [23.79221, 90.42459], [23.7915, 90.42473], [23.79049, 90.42493], [23.78907, 90.42518], [23.78733, 90.42545], [23.78607, 90.42566], [23.78579, 90.4257], [23.7851, 90.42579], [23.78436, 90.42587], [23.78364, 90.42589], [23.7824, 90.42585], [23.7812, 90.42573], [23.77943, 90.42564], [23.77874, 90.42567], [23.77767, 90.4258], [23.77686, 90.42581], [23.77659, 90.42586], [23.77633, 90.42593], [23.77605, 90.42601], [23.77563, 90.42608], [23.77502, 90.4261], [23.77482, 90.42608], [23.7746, 90.42603], [23.77445, 90.42596], [23.77414, 90.42586], [23.77382, 90.42581], [23.77348, 90.42576], [23.77282, 90.42566], [23.77229, 90.42557], [23.77199, 90.42547], [23.77166, 90.42536], [23.77117, 90.42512], [23.771, 90.42504], [23.77033, 90.42468], [23.76936, 90.42412], [23.76881, 90.42377], [23.76749, 90.42298], [23.767, 90.4227], [23.76612, 90.42216], [23.76559, 90.42188], [23.76522, 90.42166], [23.76455, 90.42128], [23.76361, 90.42077], [23.76271, 90.42024], [23.76227, 90.41999], [23.76232, 90.41989], [23.76264, 90.42007], [23.76326, 90.42042], [23.76486, 90.42133], [23.76518, 90.42152], [23.76571, 90.42181], [23.76615, 90.42205], [23.76617, 90.42202], [23.76624, 90.42197], [23.76651, 90.42187], [23.76664, 90.42189], [23.76686, 90.42203], [23.767, 90.42214], [23.76731, 90.42234], [23.76756, 90.42245], [23.76766, 90.42247], [23.76768, 90.42247]]');

-- --------------------------------------------------------

--
-- Table structure for table `ridesharingrequest`
--

CREATE TABLE `ridesharingrequest` (
  `id` int(11) NOT NULL,
  `ride_sharing_id` int(11) NOT NULL,
  `passenger_id` int(11) NOT NULL,
  `requested_seats` int(11) NOT NULL,
  `pickup_point` longtext CHARACTER SET utf8mb4 COLLATE utf8mb4_bin NOT NULL CHECK (json_valid(`pickup_point`)),
  `destination_point` longtext CHARACTER SET utf8mb4 COLLATE utf8mb4_bin NOT NULL CHECK (json_valid(`destination_point`)),
  `note` varchar(255) DEFAULT NULL,
  `status` enum('pending','accepted','rejected','canceled','picked_up','dropped_off') DEFAULT 'pending',
  `created_at` datetime DEFAULT current_timestamp(),
  `updated_at` datetime DEFAULT current_timestamp() ON UPDATE current_timestamp(),
  `fare` double DEFAULT 0
) ENGINE=InnoDB DEFAULT CHARSET=utf8mb4 COLLATE=utf8mb4_general_ci;

--
-- Dumping data for table `ridesharingrequest`
--

INSERT INTO `ridesharingrequest` (`id`, `ride_sharing_id`, `passenger_id`, `requested_seats`, `pickup_point`, `destination_point`, `note`, `status`, `created_at`, `updated_at`, `fare`) VALUES
(4, 1, 17, 17, '{\"lat\": 40.7128, \"lng\": -74.006, \"address\": \"New York, NY\"}', '{\"lat\": 34.0522, \"lng\": -118.2437, \"address\": \"Los Angeles, CA\"}', 'I will arrive 5 minutes early.', 'accepted', '2024-09-06 12:11:36', '2024-09-06 14:01:50', 0),
(5, 3, 17, 2, '{\"lat\": 40.7128, \"lng\": -74.006, \"address\": \"New York, NY\"}', '{\"lat\": 34.0522, \"lng\": -118.2437, \"address\": \"Los Angeles, CA\"}', 'I will arrive 5 minutes early.', 'accepted', '2024-09-07 04:31:23', '2024-09-07 04:32:11', 0),
(6, 3, 15, 2, '{\"lat\": 40.7128, \"lng\": -74.006, \"address\": \"New York, NY\"}', '{\"lat\": 34.0522, \"lng\": -118.2437, \"address\": \"Los Angeles, CA\"}', 'I will arrive 5 minutes early.', 'accepted', '2024-09-07 14:15:53', '2024-09-07 14:17:21', 0),
(12, 8, 17, 2, '{\"lat\": 23.795227, \"lng\": 90.4287141, \"address\": \"ORNATE HOUSE,1181 NURERCHALA MAN ROAD Dhaka, Dhaka 1212, Bangladesh\"}', '{\"lat\": 23.7676272, \"lng\": 90.4227349, \"address\": \"QC9F+335, Dhaka 1212, Bangladesh\"}', 'I will arrive 5 minutes early.', 'pending', '2024-09-14 17:22:15', '2024-10-14 03:29:22', 0);

-- --------------------------------------------------------

--
-- Table structure for table `ride_requests`
--

CREATE TABLE `ride_requests` (
  `id` int(11) NOT NULL,
  `user_id` int(11) NOT NULL,
  `service_id` varchar(255) NOT NULL,
  `vehicle_type` varchar(255) NOT NULL,
  `pickup_point` longtext CHARACTER SET utf8mb4 COLLATE utf8mb4_bin NOT NULL CHECK (json_valid(`pickup_point`)),
  `destination` longtext CHARACTER SET utf8mb4 COLLATE utf8mb4_bin NOT NULL CHECK (json_valid(`destination`)),
  `time` timestamp NOT NULL DEFAULT current_timestamp() ON UPDATE current_timestamp(),
  `fare` decimal(10,2) NOT NULL,
  `extra_details` longtext CHARACTER SET utf8mb4 COLLATE utf8mb4_bin DEFAULT NULL CHECK (json_valid(`extra_details`)),
  `status` enum('pending','bidding','ride_placed','ride_active','arrived','ride_in_progress','ride_canceled','ride_completed','deleted') DEFAULT 'pending',
  `driver_id` int(11) DEFAULT NULL,
  `driver_fcm_token` varchar(255) DEFAULT NULL,
  `user_fcm_token` varchar(255) DEFAULT NULL,
  `otp` int(11) DEFAULT NULL,
  `created_at` timestamp NOT NULL DEFAULT current_timestamp(),
  `updated_at` timestamp NOT NULL DEFAULT current_timestamp(),
  `pickup_place` varchar(255) DEFAULT NULL,
  `destination_place` varchar(255) DEFAULT NULL,
  `user_name` varchar(255) DEFAULT NULL,
  `user_pic` varchar(255) DEFAULT NULL,
  `user_rating` decimal(2,1) DEFAULT NULL,
  `user_number` varchar(20) DEFAULT NULL,
  `bids` longtext CHARACTER SET utf8mb4 COLLATE utf8mb4_bin DEFAULT NULL CHECK (json_valid(`bids`)),
  `driver_name` varchar(255) DEFAULT NULL,
  `driver_pic` varchar(255) DEFAULT NULL,
  `vehicle` varchar(255) DEFAULT NULL,
  `vehicle_number` varchar(50) DEFAULT NULL,
  `driver_number` varchar(20) DEFAULT NULL,
  `driver_rating` decimal(2,1) DEFAULT NULL
) ENGINE=InnoDB DEFAULT CHARSET=utf8 COLLATE=utf8_general_ci;

--
-- Dumping data for table `ride_requests`
--

INSERT INTO `ride_requests` (`id`, `user_id`, `service_id`, `vehicle_type`, `pickup_point`, `destination`, `time`, `fare`, `extra_details`, `status`, `driver_id`, `driver_fcm_token`, `user_fcm_token`, `otp`, `created_at`, `updated_at`, `pickup_place`, `destination_place`, `user_name`, `user_pic`, `user_rating`, `user_number`, `bids`, `driver_name`, `driver_pic`, `vehicle`, `vehicle_number`, `driver_number`, `driver_rating`) VALUES
(117, 25, '7', '5', '{\"latitude\": 23.79526599143673, \"longitude\": 90.42872596532106}', '{\"latitude\": 23.83291137508187, \"longitude\": 90.32049749046564}', '2024-12-08 10:49:29', 525.00, '{\"labourNeed\": 5, \"productType\": \"Electronics\", \"labourRequired\": true}', 'ride_completed', 14, '', '', 8913, '2024-12-08 10:28:44', '2024-12-08 10:28:44', 'ORNATE HOUSE,1181 NURERCHALA MAN ROAD Dhaka, Dhaka 1212, Bangladesh', 'R8MC+46C, আকরান বাজার-সাদুল্লাহপুর বাজার সড়ক, Bangladesh', 'Noor A Alam', 'https://lh3.googleusercontent.com/a/ACg8ocLdVTAJWLvVnT_GK7flKuQeFovAsLC8JawXDDDI3cwlj-gXJBUo=s96-c', 0.0, '0192393993', '[{\"name\": \"Md Kala manik\", \"number\": \"+8801552471151\", \"rating\": null, \"status\": \"pending\", \"riderId\": 14, \"vehicle\": \" Truck 1 ton bjkkkj\", \"fcmToken\": \"\", \"bidAmount\": 525, \"profilePic\": \"https://res.cloudinary.com/dcglyvwza/image/upload/v1733666744/rideapp/q1wywqrthoidipkavhlb.jpg\", \"rideRequestId\": 117, \"vehicleNumber\": \"bjkkkj\"}]', 'Md Kala manik', 'https://res.cloudinary.com/dcglyvwza/image/upload/v1733666744/rideapp/q1wywqrthoidipkavhlb.jpg', ' Truck 1 ton bjkkkj', 'bjkkkj', '+8801552471151', 5.0),
(118, 25, '7', '5', '{\"latitude\": 23.79526599143673, \"longitude\": 90.42872596532106}', '{\"latitude\": 24.002505974908356, \"longitude\": 91.1097190529108}', '2024-12-08 10:52:25', 525.00, '{}', 'ride_completed', 14, '', '', 4439, '2024-12-08 10:50:51', '2024-12-08 10:50:51', 'ORNATE HOUSE,1181 NURERCHALA MAN ROAD Dhaka, Dhaka 1212, Bangladesh', '2425+XX2, Brahmanbaria, Bangladesh', 'Noor A Alam', 'https://lh3.googleusercontent.com/a/ACg8ocLdVTAJWLvVnT_GK7flKuQeFovAsLC8JawXDDDI3cwlj-gXJBUo=s96-c', 0.0, '0192393993', '[{\"name\": \"Md Kala manik\", \"number\": \"+8801552471151\", \"rating\": null, \"status\": \"pending\", \"riderId\": 14, \"vehicle\": \" Truck 1 ton bjkkkj\", \"fcmToken\": \"\", \"bidAmount\": 525, \"profilePic\": \"https://res.cloudinary.com/dcglyvwza/image/upload/v1733666744/rideapp/q1wywqrthoidipkavhlb.jpg\", \"rideRequestId\": 118, \"vehicleNumber\": \"bjkkkj\"}]', 'Md Kala manik', 'https://res.cloudinary.com/dcglyvwza/image/upload/v1733666744/rideapp/q1wywqrthoidipkavhlb.jpg', ' Truck 1 ton bjkkkj', 'bjkkkj', '+8801552471151', 5.0),
(119, 25, '7', '5', '{\"latitude\": 23.79526605884692, \"longitude\": 90.4287261237225}', '{\"latitude\": 23.891487803948532, \"longitude\": 90.40546417236328}', '2024-12-08 21:54:22', 500.00, '{\"labourNeed\": 2, \"labourRequired\": true}', 'ride_completed', 14, '', '', 8077, '2024-12-08 21:53:36', '2024-12-08 21:53:36', 'ORNATE HOUSE,1181 NURERCHALA MAN ROAD Dhaka, Dhaka 1212, Bangladesh', 'VCR4+G58, Tongi, Bangladesh', 'Noor A Alam', 'https://lh3.googleusercontent.com/a/ACg8ocLdVTAJWLvVnT_GK7flKuQeFovAsLC8JawXDDDI3cwlj-gXJBUo=s96-c', 0.0, '0192393993', '[{\"name\": \"Md Kala manik\", \"number\": \"+8801552471151\", \"rating\": null, \"status\": \"pending\", \"riderId\": 14, \"vehicle\": \" Truck 1 ton bjkkkj\", \"fcmToken\": \"\", \"bidAmount\": 500, \"profilePic\": \"https://res.cloudinary.com/dcglyvwza/image/upload/v1733666744/rideapp/q1wywqrthoidipkavhlb.jpg\", \"rideRequestId\": 119, \"vehicleNumber\": \"bjkkkj\"}]', 'Md Kala manik', 'https://res.cloudinary.com/dcglyvwza/image/upload/v1733666744/rideapp/q1wywqrthoidipkavhlb.jpg', ' Truck 1 ton bjkkkj', 'bjkkkj', '+8801552471151', 5.0),
(120, 25, '7', '5', '{\"latitude\": 23.79526599143673, \"longitude\": 90.42872596532106}', '{\"latitude\": 23.820068861253073, \"longitude\": 90.42175725102425}', '2024-12-08 22:12:46', 500.00, '{\"labourNeed\": 2, \"labourRequired\": true}', 'ride_completed', 14, '', '', 3959, '2024-12-08 22:11:15', '2024-12-08 22:11:15', 'ORNATE HOUSE,1181 NURERCHALA MAN ROAD Dhaka, Dhaka 1212, Bangladesh', 'RCCC+2RQ, Dhaka 1229, Bangladesh', 'Noor A Alam', 'https://lh3.googleusercontent.com/a/ACg8ocLdVTAJWLvVnT_GK7flKuQeFovAsLC8JawXDDDI3cwlj-gXJBUo=s96-c', 0.0, '0192393993', '[{\"name\": \"Md Kala manik\", \"number\": \"+8801552471151\", \"rating\": null, \"status\": \"pending\", \"riderId\": 14, \"vehicle\": \" Truck 1 ton bjkkkj\", \"fcmToken\": \"\", \"bidAmount\": 500, \"profilePic\": \"https://res.cloudinary.com/dcglyvwza/image/upload/v1733666744/rideapp/q1wywqrthoidipkavhlb.jpg\", \"rideRequestId\": 120, \"vehicleNumber\": \"bjkkkj\"}]', 'Md Kala manik', 'https://res.cloudinary.com/dcglyvwza/image/upload/v1733666744/rideapp/q1wywqrthoidipkavhlb.jpg', ' Truck 1 ton bjkkkj', 'bjkkkj', '+8801552471151', 5.0),
(121, 25, '7', '5', '{\"latitude\": 23.79730572447299, \"longitude\": 90.4314051568508}', '{\"latitude\": 23.822660284980692, \"longitude\": 90.42079031467438}', '2025-02-07 14:51:31', 0.00, '{\"labourNeed\": 2, \"labourRequired\": true}', 'bidding', NULL, NULL, '', 7588, '2024-12-09 19:28:16', '2024-12-09 19:28:16', 'QCWJ+WMJ, মাদানী এভিনিউ, Dhaka 1212, Bangladesh', 'RCCC+W4G, Dhaka, Bangladesh', 'Noor A Alam', 'https://lh3.googleusercontent.com/a/ACg8ocLdVTAJWLvVnT_GK7flKuQeFovAsLC8JawXDDDI3cwlj-gXJBUo=s96-c', 0.0, '0192393993', '[{\"rideRequestId\":121,\"riderId\":62,\"bidAmount\":0,\"profilePic\":\"https://res.cloudinary.com/dcglyvwza/image/upload/v1734805829/rideapp/krc0dz7xpvoudmvkcfnp.jpg\",\"rating\":null,\"name\":\"Md Shamim\",\"vehicle\":\" Truck 1 ton \",\"vehicleNumber\":\"\",\"number\":\"+8801728808748\",\"fcmToken\":\"\",\"status\":\"pending\"}]', NULL, NULL, NULL, NULL, NULL, NULL),
(122, 38, '7', '5', '{\"latitude\": 33.687677422092854, \"longitude\": 73.03388636559248}', '{\"latitude\": 33.55541680288438, \"longitude\": 73.16549330949783}', '2024-12-19 07:08:17', 0.00, '{\"productType\": \"Electronics\"}', 'bidding', NULL, NULL, '', 8031, '2024-12-10 09:33:45', '2024-12-10 09:33:45', '9, G-9 Markaz G 9 Markaz G-9, Islamabad, Islamabad Capital Territory, Pakistan', '7 Street 39, Soan Gardens Block H Extension Islamabad, Islamabad Capital Territory, Pakistan', 'carpool', 'https://lh3.googleusercontent.com/a/ACg8ocLzeLkFXBD6AtqP5ww0qQHwIRUOhwAMMUFReekK7dSl54hcaw=s96-c', 0.0, '03432336680', '[]', NULL, NULL, NULL, NULL, NULL, NULL),
(123, 35, '7', '5', '{\"latitude\": 25.328978, \"longitude\": 89.5415074}', '{\"latitude\": 23.804093, \"longitude\": 90.4152376}', '2024-12-20 11:44:42', 26789.00, '{\"labourNeed\": 1, \"outsideCity\": false, \"productType\": {\"id\": \"6\", \"name\": \"Raw Materials\", \"description\": \"Includes items like cotton, timber, metals, or any unfinished goods used in production.\"}, \"labourRequired\": true}', 'bidding', NULL, NULL, '', 4865, '2024-12-10 17:34:20', '2024-12-10 17:34:20', 'Gaibandha, Bangladesh', 'Dhaka, Bangladesh', 'Tokhon', 'https://res.cloudinary.com/dcglyvwza/image/upload/v1732992090/rideapp/sh7qlkspqu7sutfyqtik.jpg', 0.0, '+8801745500555', '[]', NULL, NULL, NULL, NULL, NULL, NULL),
(124, 35, '7', '5', '{\"latitude\": 25.1366796, \"longitude\": 89.3870372}', '{\"latitude\": 23.7339483, \"longitude\": 90.3929252}', '2024-12-20 11:44:56', 24095.00, '{\"labourNeed\": 1, \"outsideCity\": false, \"productType\": {\"id\": \"15\", \"name\": \"Medical Supplies\", \"description\": \"Medicines, surgical equipment, and other healthcare-related items.\"}, \"labourRequired\": true}', 'bidding', NULL, NULL, '', 5916, '2024-12-10 17:39:30', '2024-12-10 17:39:30', '49PP+MRF, Bogura - Rangpur Hwy, Gobindogonj, Bangladesh', 'Nilkhet Rd, Dhaka 1000, Bangladesh', 'Tokhon', 'https://res.cloudinary.com/dcglyvwza/image/upload/v1732992090/rideapp/sh7qlkspqu7sutfyqtik.jpg', 0.0, '+8801745500555', '[]', NULL, NULL, NULL, NULL, NULL, NULL),
(125, 35, '7', '5', '{\"latitude\": 25.1366796, \"longitude\": 89.3870372}', '{\"latitude\": 23.7339483, \"longitude\": 90.3929252}', '2024-12-20 12:18:37', 26795.00, '{\"labourNeed\": 4, \"outsideCity\": false, \"productType\": {\"id\": \"15\", \"name\": \"Medical Supplies\", \"description\": \"Medicines, surgical equipment, and other healthcare-related items.\"}, \"labourRequired\": true}', 'bidding', NULL, NULL, '', 3046, '2024-12-10 17:47:14', '2024-12-10 17:47:14', '49PP+MRF, Bogura - Rangpur Hwy, Gobindogonj, Bangladesh', 'Nilkhet Rd, Dhaka 1000, Bangladesh', 'Tokhon', 'https://res.cloudinary.com/dcglyvwza/image/upload/v1732992090/rideapp/sh7qlkspqu7sutfyqtik.jpg', 0.0, '+8801745500555', '[]', NULL, NULL, NULL, NULL, NULL, NULL),
(126, 35, '7', '5', '{\"latitude\": 25.1409703, \"longitude\": 89.38293279999999}', '{\"latitude\": 23.9003712, \"longitude\": 90.3272255}', '2024-12-20 12:15:51', 22745.00, '{\"labourNeed\": 2, \"productType\": \"Electronics\", \"labourRequired\": true}', 'bidding', NULL, NULL, '', 6045, '2024-12-10 17:51:02', '2024-12-10 17:51:02', '49RM+95F, Gobindogonj, Bangladesh', 'Ashulia, Bangladesh', 'Tokhon', 'https://res.cloudinary.com/dcglyvwza/image/upload/v1732992090/rideapp/sh7qlkspqu7sutfyqtik.jpg', 0.0, '+8801745500555', '[]', NULL, NULL, NULL, NULL, NULL, NULL),
(127, 32, '7', '5', '{\"latitude\": 25.1401055, \"longitude\": 89.3837491}', '{\"latitude\": 25.1135609, \"longitude\": 89.38454829999999}', '2024-12-25 07:56:03', 2132.00, '{\"labourNeed\": 2, \"labourRequired\": true}', 'bidding', NULL, NULL, '', 8859, '2024-12-10 19:18:12', '2024-12-10 19:18:12', '49RM+265, Gobindogonj, Bangladesh', 'Bogura - Rangpur Hwy, Bangladesh', 'Muhammed Rakibul Hasan', 'https://lh3.googleusercontent.com/a/ACg8ocLhf9ThvQNWBFYi1uXVdQROqN26Vb8LwhZD6TL_Tqmcnaz5-C88=s96-c', 0.0, '01777553989', '[]', NULL, NULL, NULL, NULL, NULL, NULL),
(128, 32, '7', '5', '{\"latitude\": 25.1401055, \"longitude\": 89.3837491}', '{\"latitude\": 25.1135609, \"longitude\": 89.38454829999999}', '2024-12-20 12:19:41', 0.00, '{\"labourNeed\": 2, \"labourRequired\": true}', 'bidding', NULL, NULL, '', 7940, '2024-12-10 19:21:53', '2024-12-10 19:21:53', '49RM+265, Gobindogonj, Bangladesh', 'Bogura - Rangpur Hwy, Bangladesh', 'Muhammed Rakibul Hasan', 'https://lh3.googleusercontent.com/a/ACg8ocLhf9ThvQNWBFYi1uXVdQROqN26Vb8LwhZD6TL_Tqmcnaz5-C88=s96-c', 0.0, '01777553989', '[{\"name\": \"Muhammed Rakibul Hasan\", \"number\": \"01777553989\", \"rating\": null, \"status\": \"pending\", \"riderId\": 32, \"vehicle\": \" Truck 1 ton hxhxc\", \"fcmToken\": \"\", \"bidAmount\": 0, \"profilePic\": \"https://lh3.googleusercontent.com/a/ACg8ocLhf9ThvQNWBFYi1uXVdQROqN26Vb8LwhZD6TL_Tqmcnaz5-C88=s96-c\", \"rideRequestId\": 128, \"vehicleNumber\": \"hxhxc\"}]', NULL, NULL, NULL, NULL, NULL, NULL),
(129, 32, '7', '6', '{\"latitude\": 25.1401055, \"longitude\": 89.3837491}', '{\"latitude\": 23.8073784, \"longitude\": 90.407159}', '2024-12-20 12:19:46', 0.00, '{\"labourNeed\": 1, \"outsideCity\": false, \"labourRequired\": true}', 'bidding', NULL, NULL, '', 5114, '2024-12-10 19:31:01', '2024-12-10 19:31:01', '49RM+265, Gobindogonj, Bangladesh', '38 Rd No 63, Dhaka 1212, Bangladesh', 'Muhammed Rakibul Hasan', 'https://lh3.googleusercontent.com/a/ACg8ocLhf9ThvQNWBFYi1uXVdQROqN26Vb8LwhZD6TL_Tqmcnaz5-C88=s96-c', 0.0, '01777553989', '[]', NULL, NULL, NULL, NULL, NULL, NULL),
(130, 32, '7', '6', '{\"latitude\": 25.1401055, \"longitude\": 89.3837491}', '{\"latitude\": 23.8073784, \"longitude\": 90.407159}', '2024-12-13 01:30:50', 0.00, '{\"labourNeed\": 1, \"outsideCity\": false, \"labourRequired\": true}', 'pending', NULL, NULL, '', 4356, '2024-12-10 19:31:13', '2024-12-10 19:31:13', '49RM+265, Gobindogonj, Bangladesh', '38 Rd No 63, Dhaka 1212, Bangladesh', 'Muhammed Rakibul Hasan', 'https://lh3.googleusercontent.com/a/ACg8ocLhf9ThvQNWBFYi1uXVdQROqN26Vb8LwhZD6TL_Tqmcnaz5-C88=s96-c', 0.0, '01777553989', '[]', NULL, NULL, NULL, NULL, NULL, NULL),
(131, 32, '7', '6', '{\"latitude\": 25.1401055, \"longitude\": 89.3837491}', '{\"latitude\": 25.1039733, \"longitude\": 89.3818163}', '2024-12-13 01:30:50', 0.00, '{\"labourNeed\": 1, \"outsideCity\": false, \"labourRequired\": true}', 'pending', NULL, NULL, '', 4353, '2024-12-10 19:33:42', '2024-12-10 19:33:42', '49RM+265, Gobindogonj, Bangladesh', '493J+HPP, Dhaka - Rangpur Hwy, Bangladesh', 'Muhammed Rakibul Hasan', 'https://lh3.googleusercontent.com/a/ACg8ocLhf9ThvQNWBFYi1uXVdQROqN26Vb8LwhZD6TL_Tqmcnaz5-C88=s96-c', 0.0, '01777553989', '[]', NULL, NULL, NULL, NULL, NULL, NULL),
(132, 32, '7', '6', '{\"latitude\": 25.1401055, \"longitude\": 89.3837491}', '{\"latitude\": 25.1039733, \"longitude\": 89.3818163}', '2024-12-13 01:30:50', 0.00, '{\"labourNeed\": 1, \"outsideCity\": false, \"labourRequired\": true}', 'pending', NULL, NULL, '', 5687, '2024-12-10 19:35:29', '2024-12-10 19:35:29', '49RM+265, Gobindogonj, Bangladesh', '493J+HPP, Dhaka - Rangpur Hwy, Bangladesh', 'Muhammed Rakibul Hasan', 'https://lh3.googleusercontent.com/a/ACg8ocLhf9ThvQNWBFYi1uXVdQROqN26Vb8LwhZD6TL_Tqmcnaz5-C88=s96-c', 0.0, '01777553989', '[]', NULL, NULL, NULL, NULL, NULL, NULL),
(133, 35, '7', '5', '{\"latitude\": 23.7861239, \"longitude\": 90.3299051}', '{\"latitude\": 25.1371286, \"longitude\": 89.3870688}', '2024-12-19 03:35:38', 23899.00, '{\"labourNeed\": 2, \"productType\": \"Electronics\", \"labourRequired\": true}', 'pending', NULL, NULL, '', 1336, '2024-12-10 19:35:49', '2024-12-10 19:35:49', 'Aminbazar, Bangladesh', '49PP+VR4, Gobindogonj, Bangladesh', 'Tokhon', 'https://res.cloudinary.com/dcglyvwza/image/upload/v1732992090/rideapp/sh7qlkspqu7sutfyqtik.jpg', 0.0, '+8801745500555', '[]', NULL, NULL, NULL, NULL, NULL, NULL),
(134, 32, '7', '6', '{\"latitude\": 25.1401055, \"longitude\": 89.3837491}', '{\"latitude\": 23.7987218, \"longitude\": 90.351927}', '2024-12-13 01:30:50', 0.00, '{\"labourNeed\": 1, \"outsideCity\": false, \"labourRequired\": true}', 'pending', NULL, NULL, '', 5640, '2024-12-10 19:40:15', '2024-12-10 19:40:15', '49RM+265, Gobindogonj, Bangladesh', 'Q9X2+FQM, Dhaka 1216, Bangladesh', 'Muhammed Rakibul Hasan', 'https://lh3.googleusercontent.com/a/ACg8ocLhf9ThvQNWBFYi1uXVdQROqN26Vb8LwhZD6TL_Tqmcnaz5-C88=s96-c', 0.0, '01777553989', '[]', NULL, NULL, NULL, NULL, NULL, NULL),
(135, 36, '7', '5', '{\"latitude\": 25.1363044, \"longitude\": 89.3871769}', '{\"latitude\": 23.8084002, \"longitude\": 90.4613909}', '2024-12-10 19:51:27', 8080.00, '{}', 'ride_placed', 36, '', '', 4040, '2024-12-10 19:50:50', '2024-12-10 19:50:50', '49PP+GVF, Bogura - Rangpur Hwy, Gobindogonj, Bangladesh', 'RF56+9H6, Dhaka, Bangladesh', 'hcjchcc', 'https://res.cloudinary.com/dcglyvwza/image/upload/v1733888838/rideapp/remnoz4rseltslqodjjr.jpg', 0.0, '+8801777553989', '[{\"name\": \"hcjchcc\", \"number\": \"+8801777553989\", \"rating\": null, \"status\": \"pending\", \"riderId\": 36, \"vehicle\": \" Truck 1 ton hcchgc\", \"fcmToken\": \"\", \"bidAmount\": 8080, \"profilePic\": \"https://res.cloudinary.com/dcglyvwza/image/upload/v1733888838/rideapp/remnoz4rseltslqodjjr.jpg\", \"rideRequestId\": 135, \"vehicleNumber\": \"hcchgc\"}]', 'hcjchcc', 'https://res.cloudinary.com/dcglyvwza/image/upload/v1733888838/rideapp/remnoz4rseltslqodjjr.jpg', ' Truck 1 ton hcchgc', 'hcchgc', '+8801777553989', 5.0),
(136, 36, '7', '5', '{\"latitude\": 25.1416992, \"longitude\": 89.3824456}', '{\"latitude\": 25.1110686, \"longitude\": 89.4248791}', '2024-12-10 19:55:55', 2424.00, '{\"labourNeed\": 1, \"labourRequired\": true}', 'ride_placed', 36, '', '', 1534, '2024-12-10 19:55:21', '2024-12-10 19:55:21', '49RM+95F, Gobindogonj, Bangladesh', '4C6F+CX Araji Sahapur, Bangladesh', 'hcjchcc', 'https://res.cloudinary.com/dcglyvwza/image/upload/v1733888838/rideapp/remnoz4rseltslqodjjr.jpg', 0.0, '+8801777553989', '[{\"name\": \"hcjchcc\", \"number\": \"+8801777553989\", \"rating\": null, \"status\": \"pending\", \"riderId\": 36, \"vehicle\": \" Truck 1 ton hcchgc\", \"fcmToken\": \"\", \"bidAmount\": 2424, \"profilePic\": \"https://res.cloudinary.com/dcglyvwza/image/upload/v1733888838/rideapp/remnoz4rseltslqodjjr.jpg\", \"rideRequestId\": 136, \"vehicleNumber\": \"hcchgc\"}]', 'hcjchcc', 'https://res.cloudinary.com/dcglyvwza/image/upload/v1733888838/rideapp/remnoz4rseltslqodjjr.jpg', ' Truck 1 ton hcchgc', 'hcchgc', '+8801777553989', 5.0),
(137, 36, '7', '5', '{\"latitude\": 25.1370743, \"longitude\": 89.3871843}', '{\"latitude\": 25.0898646, \"longitude\": 89.38118659999999}', '2024-12-10 19:58:41', 25000.00, '{}', 'ride_placed', 36, '', '', 5123, '2024-12-10 19:58:06', '2024-12-10 19:58:06', '49PP+RVF, Gobindogonj, Bangladesh', 'Road#2, 1, 5740 বগুড়া - রংপুর মহাসড়ক, Bangladesh', 'hcjchcc', 'https://res.cloudinary.com/dcglyvwza/image/upload/v1733888838/rideapp/remnoz4rseltslqodjjr.jpg', 0.0, '+8801777553989', '[{\"name\": \"hcjchcc\", \"number\": \"+8801777553989\", \"rating\": null, \"status\": \"pending\", \"riderId\": 36, \"vehicle\": \" Truck 1 ton hcchgc\", \"fcmToken\": \"\", \"bidAmount\": 25000, \"profilePic\": \"https://res.cloudinary.com/dcglyvwza/image/upload/v1733888838/rideapp/remnoz4rseltslqodjjr.jpg\", \"rideRequestId\": 137, \"vehicleNumber\": \"hcchgc\"}]', 'hcjchcc', 'https://res.cloudinary.com/dcglyvwza/image/upload/v1733888838/rideapp/remnoz4rseltslqodjjr.jpg', ' Truck 1 ton hcchgc', 'hcchgc', '+8801777553989', 5.0),
(138, 48, '7', '5', '{\"latitude\": 25.1403304, \"longitude\": 89.3825183}', '{\"latitude\": 25.1018168, \"longitude\": 89.3825883}', '2024-12-10 20:06:34', 8585.00, '{}', 'ride_in_progress', 47, '', '', 4312, '2024-12-10 20:04:25', '2024-12-10 20:04:25', '49RM+46J, Gobindogonj, Bangladesh', '492M+P2G, Bangladesh', 'hcchgx', 'https://res.cloudinary.com/dcglyvwza/image/upload/v1733889811/rideapp/mwdmehusfxrbjswcvkdj.jpg', 0.0, '+8801334778371', '[{\"name\": \"hcccg\", \"number\": \"+8801931424220\", \"rating\": null, \"status\": \"pending\", \"riderId\": 47, \"vehicle\": \" Truck 1 ton vnnhc\", \"fcmToken\": \"\", \"bidAmount\": 8585, \"profilePic\": \"https://res.cloudinary.com/dcglyvwza/image/upload/v1733889706/rideapp/hbx4mamhcbt0nhjuzprp.jpg\", \"rideRequestId\": 138, \"vehicleNumber\": \"vnnhc\"}]', 'hcccg', 'https://res.cloudinary.com/dcglyvwza/image/upload/v1733889706/rideapp/hbx4mamhcbt0nhjuzprp.jpg', ' Truck 1 ton vnnhc', 'vnnhc', '+8801931424220', 5.0),
(139, 26, '7', '5', '{\"latitude\": 23.79526605884692, \"longitude\": 90.4287261237225}', '{\"latitude\": 23.75904182502928, \"longitude\": 90.2792950719595}', '2024-12-11 08:46:19', 3214.00, '{\"labourNeed\": 1, \"outsideCity\": false, \"labourRequired\": true}', 'pending', NULL, NULL, '', 2919, '2024-12-11 02:46:44', '2024-12-11 02:46:44', 'ORNATE HOUSE,1181 NURERCHALA MAN ROAD Dhaka, Dhaka 1212, Bangladesh', 'Q75H+JCR, Nolagoria Main Rd, Bangladesh', 'Md. SHihab Uddin Roky', 'https://lh3.googleusercontent.com/a/ACg8ocLMsoOFCdeEYV3YUQ3gz78W0VD8TXBH-jU4-niGCAfOoYt9p4HF=s96-c', 0.0, '929299299', '[]', NULL, NULL, NULL, NULL, NULL, NULL),
(140, 26, '7', '5', '{\"latitude\": 23.79526599143673, \"longitude\": 90.42872596532106}', '{\"latitude\": 22.661955949941685, \"longitude\": 92.1611124649644}', '2025-02-07 16:34:53', 32109.00, '{\"labourNeed\": 2, \"outsideCity\": false, \"labourRequired\": true}', 'pending', 62, NULL, '', 3282, '2024-12-11 10:56:33', '2024-12-11 10:56:33', 'ORNATE HOUSE,1181 NURERCHALA MAN ROAD Dhaka, Dhaka 1212, Bangladesh', 'M566+QCQ, Rangamati, Bangladesh', 'Md. SHihab Uddin Roky', 'https://lh3.googleusercontent.com/a/ACg8ocLMsoOFCdeEYV3YUQ3gz78W0VD8TXBH-jU4-niGCAfOoYt9p4HF=s96-c', 0.0, '929299299', '[]', NULL, NULL, NULL, NULL, NULL, NULL),
(141, 26, '7', '5', '{\"latitude\": 23.79526605884692, \"longitude\": 90.4287261237225}', '{\"latitude\": 23.76932370967723, \"longitude\": 90.35943176597355}', '2024-12-11 20:49:56', 3897.00, '{\"labourNeed\": 3, \"outsideCity\": false, \"labourRequired\": true}', 'bidding', NULL, NULL, '', 9052, '2024-12-11 11:16:43', '2024-12-11 11:16:43', 'ORNATE HOUSE,1181 NURERCHALA MAN ROAD Dhaka, Dhaka 1212, Bangladesh', '2 Hazi Chinu Mia Rd, Dhaka 1207, Bangladesh', 'Md. SHihab Uddin Roky', 'https://lh3.googleusercontent.com/a/ACg8ocLMsoOFCdeEYV3YUQ3gz78W0VD8TXBH-jU4-niGCAfOoYt9p4HF=s96-c', 0.0, '929299299', '[{\"name\": \"SR Official\", \"number\": \"01552471151\", \"rating\": null, \"status\": \"pending\", \"riderId\": 17, \"vehicle\": \" Truck 1 ton vbjjj\", \"fcmToken\": \"\", \"bidAmount\": 3897, \"profilePic\": \"https://lh3.googleusercontent.com/a/ACg8ocL0hdipOT7SHDqcUCm--3lgkvRYNqbhpameEcuKakPYIQCQ4Jl3=s96-c\", \"rideRequestId\": 141, \"vehicleNumber\": \"vbjjj\"}]', NULL, NULL, NULL, NULL, NULL, NULL),
(142, 37, '7', '5', '{\"latitude\": 25.1409703, \"longitude\": 89.38293279999999}', '{\"latitude\": 24.8521461, \"longitude\": 89.3720057}', '2024-12-11 19:40:28', 99999999.99, '{}', 'ride_placed', 37, '', '', 2877, '2024-12-11 19:39:23', '2024-12-11 19:39:23', '49RM+95F, Gobindogonj, Bangladesh', 'V92C+VR2, Bogura, Bangladesh', 'MD NAZMUL HOSSAIN', 'https://lh3.googleusercontent.com/a/ACg8ocKJ-R4eiPWdslzXmu9iKGxcxBzThFLlUogKrsq4ZAc0HqDK1g=s96-c', 0.0, '01745500555', '[{\"name\": \"MD NAZMUL HOSSAIN\", \"number\": \"01745500555\", \"rating\": null, \"status\": \"pending\", \"riderId\": 37, \"vehicle\": \" Truck 1 ton tdf\", \"fcmToken\": \"\", \"bidAmount\": 99999999.99, \"profilePic\": \"https://lh3.googleusercontent.com/a/ACg8ocJ372kf6NSs8Fn8W1cMtYnB54mC_ESNUinDgqeAtZa1HIbiZ30=s96-c\", \"rideRequestId\": 142, \"vehicleNumber\": \"tdf\"}]', 'MD NAZMUL HOSSAIN', 'https://lh3.googleusercontent.com/a/ACg8ocJ372kf6NSs8Fn8W1cMtYnB54mC_ESNUinDgqeAtZa1HIbiZ30=s96-c', ' Truck 1 ton tdf', 'tdf', '01745500555', 5.0),
(143, 37, '7', '5', '{\"latitude\": 25.1412574, \"longitude\": 89.38274059999999}', '{\"latitude\": 25.0814918, \"longitude\": 89.3911121}', '2024-12-11 19:43:30', 808.00, '{}', 'ride_in_progress', 47, '', '', 3800, '2024-12-11 19:42:21', '2024-12-11 19:42:21', '49RM+G35, Gobindogonj, Bangladesh', '39JR+HCX, Bangladesh', 'MD NAZMUL HOSSAIN', 'https://lh3.googleusercontent.com/a/ACg8ocKJ-R4eiPWdslzXmu9iKGxcxBzThFLlUogKrsq4ZAc0HqDK1g=s96-c', 0.0, '01745500555', '[{\"name\": \"hcccg\", \"number\": \"+8801931424220\", \"rating\": null, \"status\": \"pending\", \"riderId\": 47, \"vehicle\": \" Truck 1 ton vnnhc\", \"fcmToken\": \"\", \"bidAmount\": 808, \"profilePic\": \"https://res.cloudinary.com/dcglyvwza/image/upload/v1733889706/rideapp/hbx4mamhcbt0nhjuzprp.jpg\", \"rideRequestId\": 143, \"vehicleNumber\": \"vnnhc\"}]', 'hcccg', 'https://res.cloudinary.com/dcglyvwza/image/upload/v1733889706/rideapp/hbx4mamhcbt0nhjuzprp.jpg', ' Truck 1 ton vnnhc', 'vnnhc', '+8801931424220', 5.0),
(144, 25, '7', '5', '{\"latitude\": 23.79526599143673, \"longitude\": 90.42872596532106}', '{\"latitude\": 23.740286064194063, \"longitude\": 90.2151171863079}', '2024-12-11 21:31:45', 4133.00, '{\"labourNeed\": 1, \"outsideCity\": false, \"labourRequired\": true}', 'ride_completed', 17, '', '', 1700, '2024-12-11 21:21:38', '2024-12-11 21:21:38', 'ORNATE HOUSE,1181 NURERCHALA MAN ROAD Dhaka, Dhaka 1212, Bangladesh', 'P6R8+44C, Bangladesh', 'Noor A Alam', 'https://lh3.googleusercontent.com/a/ACg8ocLdVTAJWLvVnT_GK7flKuQeFovAsLC8JawXDDDI3cwlj-gXJBUo=s96-c', 0.0, '0192393993', '[{\"name\": \"SR Official\", \"number\": \"01552471151\", \"rating\": null, \"status\": \"pending\", \"riderId\": 17, \"vehicle\": \" Truck 1 ton vbjjj\", \"fcmToken\": \"\", \"bidAmount\": 4133, \"profilePic\": \"https://lh3.googleusercontent.com/a/ACg8ocL0hdipOT7SHDqcUCm--3lgkvRYNqbhpameEcuKakPYIQCQ4Jl3=s96-c\", \"rideRequestId\": 144, \"vehicleNumber\": \"vbjjj\"}]', 'SR Official', 'https://lh3.googleusercontent.com/a/ACg8ocL0hdipOT7SHDqcUCm--3lgkvRYNqbhpameEcuKakPYIQCQ4Jl3=s96-c', ' Truck 1 ton vbjjj', 'vbjjj', '01552471151', 5.0),
(145, 37, '7', '5', '{\"latitude\": 25.150969698269996, \"longitude\": 89.38363440334797}', '{\"latitude\": 23.79526599143673, \"longitude\": 90.42872596532106}', '2024-12-11 22:41:18', 22483.00, '{\"outsideCity\": false}', 'ride_placed', 37, '', '', 9515, '2024-12-11 22:40:41', '2024-12-11 22:40:41', '592M+9F Gobindogonj, Bangladesh', 'ORNATE HOUSE,1181 NURERCHALA MAN ROAD Dhaka, Dhaka 1212, Bangladesh', 'MD NAZMUL HOSSAIN', 'https://lh3.googleusercontent.com/a/ACg8ocKJ-R4eiPWdslzXmu9iKGxcxBzThFLlUogKrsq4ZAc0HqDK1g=s96-c', 0.0, '01745500555', '[{\"name\": \"MD NAZMUL HOSSAIN\", \"number\": \"01745500555\", \"rating\": null, \"status\": \"pending\", \"riderId\": 37, \"vehicle\": \" Truck 1 ton tdf\", \"fcmToken\": \"\", \"bidAmount\": 22483, \"profilePic\": \"https://lh3.googleusercontent.com/a/ACg8ocJ372kf6NSs8Fn8W1cMtYnB54mC_ESNUinDgqeAtZa1HIbiZ30=s96-c\", \"rideRequestId\": 145, \"vehicleNumber\": \"tdf\"}]', 'MD NAZMUL HOSSAIN', 'https://lh3.googleusercontent.com/a/ACg8ocJ372kf6NSs8Fn8W1cMtYnB54mC_ESNUinDgqeAtZa1HIbiZ30=s96-c', ' Truck 1 ton tdf', 'tdf', '01745500555', 5.0),
(146, 37, '7', '5', '{\"latitude\": 25.13733378467526, \"longitude\": 89.3869100511074}', '{\"latitude\": 24.852553593117495, \"longitude\": 89.37302760779858}', '2024-12-11 23:02:09', 10.00, '{\"labourNeed\": 1, \"outsideCity\": false, \"labourRequired\": true}', 'ride_completed', 47, '', '', 7279, '2024-12-11 23:01:42', '2024-12-11 23:01:42', '49PP+WQJ, Gobindogonj, Bangladesh', 'V93F+26C, Bogura, Bangladesh', 'MD NAZMUL HOSSAIN', 'https://lh3.googleusercontent.com/a/ACg8ocKJ-R4eiPWdslzXmu9iKGxcxBzThFLlUogKrsq4ZAc0HqDK1g=s96-c', 0.0, '01745500555', '[{\"name\": \"hcccg\", \"number\": \"+8801931424220\", \"rating\": null, \"status\": \"pending\", \"riderId\": 47, \"vehicle\": \" Truck 1 ton vnnhc\", \"fcmToken\": \"\", \"bidAmount\": 10, \"profilePic\": \"https://res.cloudinary.com/dcglyvwza/image/upload/v1733889706/rideapp/hbx4mamhcbt0nhjuzprp.jpg\", \"rideRequestId\": 146, \"vehicleNumber\": \"vnnhc\"}]', 'hcccg', 'https://res.cloudinary.com/dcglyvwza/image/upload/v1733889706/rideapp/hbx4mamhcbt0nhjuzprp.jpg', ' Truck 1 ton vnnhc', 'vnnhc', '+8801931424220', 5.0),
(147, 48, '7', '5', '{\"latitude\": 25.156467276907016, \"longitude\": 89.37387149780989}', '{\"latitude\": 25.475526134275192, \"longitude\": 89.19287737458944}', '2024-12-11 23:06:36', 500.00, '{\"outsideCity\": false}', 'ride_completed', 49, '', '', 3807, '2024-12-11 23:05:16', '2024-12-11 23:05:16', '594F+HG Gobindogonj, Bangladesh', 'F5GV+P7X, Chairtakol, Bangladesh', 'hcchgx', 'https://res.cloudinary.com/dcglyvwza/image/upload/v1733889811/rideapp/mwdmehusfxrbjswcvkdj.jpg', 0.0, '+8801334778371', '[{\"name\": \"Chamok Khandoker\", \"number\": \"01724377651\", \"rating\": null, \"status\": \"pending\", \"riderId\": 49, \"vehicle\": \" Truck 1 ton 2565266\", \"fcmToken\": \"\", \"bidAmount\": 500, \"profilePic\": \"https://lh3.googleusercontent.com/a/ACg8ocLBo07TwbkxsducwQdo7tM1F8TcENZw35Ej_qwJUwA0fKMjVmI=s96-c\", \"rideRequestId\": 147, \"vehicleNumber\": \"2565266\"}]', 'Chamok Khandoker', 'https://lh3.googleusercontent.com/a/ACg8ocLBo07TwbkxsducwQdo7tM1F8TcENZw35Ej_qwJUwA0fKMjVmI=s96-c', ' Truck 1 ton 2565266', '2565266', '01724377651', 5.0),
(148, 37, '7', '5', '{\"latitude\": 25.14081999850206, \"longitude\": 89.38302520662546}', '{\"latitude\": 24.929199277770195, \"longitude\": 89.36797801405191}', '2024-12-11 23:32:33', 2580.00, '{\"outsideCity\": false}', 'ride_completed', 47, '', '', 6118, '2024-12-11 23:24:52', '2024-12-11 23:24:52', '49RM+764, Gobindogonj, Bangladesh', 'W9J9+52, Gokul, Bangladesh', 'MD NAZMUL HOSSAIN', 'https://lh3.googleusercontent.com/a/ACg8ocKJ-R4eiPWdslzXmu9iKGxcxBzThFLlUogKrsq4ZAc0HqDK1g=s96-c', 0.0, '01745500555', '[{\"name\": \"hcccg\", \"number\": \"+8801931424220\", \"rating\": null, \"status\": \"pending\", \"riderId\": 47, \"vehicle\": \" Truck 1 ton vnnhc\", \"fcmToken\": \"\", \"bidAmount\": 2580, \"profilePic\": \"https://res.cloudinary.com/dcglyvwza/image/upload/v1733889706/rideapp/hbx4mamhcbt0nhjuzprp.jpg\", \"rideRequestId\": 148, \"vehicleNumber\": \"vnnhc\"}]', 'hcccg', 'https://res.cloudinary.com/dcglyvwza/image/upload/v1733889706/rideapp/hbx4mamhcbt0nhjuzprp.jpg', ' Truck 1 ton vnnhc', 'vnnhc', '+8801931424220', 5.0),
(149, 37, '7', '5', '{\"latitude\": 25.14081999850206, \"longitude\": 89.38302520662546}', '{\"latitude\": 24.929199277770195, \"longitude\": 89.36797801405191}', '2024-12-11 23:29:56', 25.00, '{\"outsideCity\": false}', 'ride_completed', 47, '', '', 7979, '2024-12-11 23:27:00', '2024-12-11 23:27:00', '49RM+764, Gobindogonj, Bangladesh', 'W9J9+52, Gokul, Bangladesh', 'MD NAZMUL HOSSAIN', 'https://lh3.googleusercontent.com/a/ACg8ocKJ-R4eiPWdslzXmu9iKGxcxBzThFLlUogKrsq4ZAc0HqDK1g=s96-c', 0.0, '01745500555', '[{\"name\": \"hcccg\", \"number\": \"+8801931424220\", \"rating\": null, \"status\": \"pending\", \"riderId\": 47, \"vehicle\": \" Truck 1 ton vnnhc\", \"fcmToken\": \"\", \"bidAmount\": 25, \"profilePic\": \"https://res.cloudinary.com/dcglyvwza/image/upload/v1733889706/rideapp/hbx4mamhcbt0nhjuzprp.jpg\", \"rideRequestId\": 149, \"vehicleNumber\": \"vnnhc\"}]', 'hcccg', 'https://res.cloudinary.com/dcglyvwza/image/upload/v1733889706/rideapp/hbx4mamhcbt0nhjuzprp.jpg', ' Truck 1 ton vnnhc', 'vnnhc', '+8801931424220', 5.0),
(150, 37, '7', '5', '{\"latitude\": 25.194354831307606, \"longitude\": 89.36528205871582}', '{\"latitude\": 23.90183153593999, \"longitude\": 90.4035373404622}', '2024-12-25 05:53:46', 23090.00, '{\"outsideCity\": false}', 'bidding', NULL, NULL, '', 2763, '2024-12-11 23:53:48', '2024-12-11 23:53:48', '59V8+P4 Abhirampur, Bangladesh', 'WC23+FCG, Tongi, Bangladesh', 'MD NAZMUL HOSSAIN', 'https://lh3.googleusercontent.com/a/ACg8ocKJ-R4eiPWdslzXmu9iKGxcxBzThFLlUogKrsq4ZAc0HqDK1g=s96-c', 0.0, '01745500555', '[]', NULL, NULL, NULL, NULL, NULL, NULL),
(151, 37, '7', '5', '{\"latitude\": 25.194354831307606, \"longitude\": 89.36528205871582}', '{\"latitude\": 25.46234988602317, \"longitude\": 89.3811771646142}', '2024-12-25 05:53:46', 23090.00, '{\"outsideCity\": false}', 'bidding', NULL, NULL, '', 9834, '2024-12-11 23:54:53', '2024-12-11 23:54:53', '59V8+P4 Abhirampur, Bangladesh', 'F96J+WF Panchgachha, Bangladesh', 'MD NAZMUL HOSSAIN', 'https://lh3.googleusercontent.com/a/ACg8ocKJ-R4eiPWdslzXmu9iKGxcxBzThFLlUogKrsq4ZAc0HqDK1g=s96-c', 0.0, '01745500555', '[]', NULL, NULL, NULL, NULL, NULL, NULL),
(152, 37, '7', '5', '{\"latitude\": 25.137159562427993, \"longitude\": 89.38484240323305}', '{\"latitude\": 25.220316923455844, \"longitude\": 89.37812011688948}', '2024-12-11 23:56:24', 23090.00, '{\"outsideCity\": false}', 'ride_completed', 47, '', '', 9127, '2024-12-11 23:55:44', '2024-12-11 23:55:44', '49PP+W2F, Gobindogonj, Bangladesh', '69CH+46 Abhirampur, Bangladesh', 'MD NAZMUL HOSSAIN', 'https://lh3.googleusercontent.com/a/ACg8ocKJ-R4eiPWdslzXmu9iKGxcxBzThFLlUogKrsq4ZAc0HqDK1g=s96-c', 0.0, '01745500555', '[{\"name\": \"hcccg\", \"number\": \"+8801931424220\", \"rating\": null, \"status\": \"pending\", \"riderId\": 47, \"vehicle\": \" Truck 1 ton vnnhc\", \"fcmToken\": \"\", \"bidAmount\": 23090, \"profilePic\": \"https://res.cloudinary.com/dcglyvwza/image/upload/v1733889706/rideapp/hbx4mamhcbt0nhjuzprp.jpg\", \"rideRequestId\": 152, \"vehicleNumber\": \"vnnhc\"}]', 'hcccg', 'https://res.cloudinary.com/dcglyvwza/image/upload/v1733889706/rideapp/hbx4mamhcbt0nhjuzprp.jpg', ' Truck 1 ton vnnhc', 'vnnhc', '+8801931424220', 5.0),
(153, 37, '7', '5', '{\"latitude\": 25.19492154564703, \"longitude\": 89.40383244305849}', '{\"latitude\": 24.97521872329749, \"longitude\": 89.35523618012667}', '2024-12-31 07:04:51', 3477.00, '{\"outsideCity\": false, \"productType\": \"Electronics\"}', 'bidding', NULL, NULL, '', 7035, '2024-12-12 01:05:08', '2024-12-12 01:05:08', '5CV3+XG Taluk Kanupur, Bangladesh', 'X9G4+33 Baulapara, Bangladesh', 'MD NAZMUL HOSSAIN', 'https://lh3.googleusercontent.com/a/ACg8ocKJ-R4eiPWdslzXmu9iKGxcxBzThFLlUogKrsq4ZAc0HqDK1g=s96-c', 0.0, '01745500555', '[]', NULL, NULL, NULL, NULL, NULL, NULL),
(154, 37, '7', '5', '{\"latitude\": 25.19492154564703, \"longitude\": 89.40383244305849}', '{\"latitude\": 25.073705814725223, \"longitude\": 89.37127880752087}', '2024-12-31 07:04:51', 3477.00, '{\"outsideCity\": false, \"productType\": \"Electronics\"}', 'bidding', NULL, NULL, '', 9492, '2024-12-12 01:06:04', '2024-12-12 01:06:04', '5CV3+XG Taluk Kanupur, Bangladesh', '39FC+FG Gobindogonj, Bangladesh', 'MD NAZMUL HOSSAIN', 'https://lh3.googleusercontent.com/a/ACg8ocKJ-R4eiPWdslzXmu9iKGxcxBzThFLlUogKrsq4ZAc0HqDK1g=s96-c', 0.0, '01745500555', '[]', NULL, NULL, NULL, NULL, NULL, NULL),
(155, 37, '7', '5', '{\"latitude\": 25.138798880742023, \"longitude\": 89.38733953982592}', '{\"latitude\": 25.073705814725223, \"longitude\": 89.37127880752087}', '2024-12-12 01:07:20', 3477.00, '{\"outsideCity\": false, \"productType\": \"Electronics\"}', 'ride_completed', 47, '', '', 6081, '2024-12-12 01:06:42', '2024-12-12 01:06:42', '49QP+JW5, Gobindogonj, Bangladesh', '39FC+FG Gobindogonj, Bangladesh', 'MD NAZMUL HOSSAIN', 'https://lh3.googleusercontent.com/a/ACg8ocKJ-R4eiPWdslzXmu9iKGxcxBzThFLlUogKrsq4ZAc0HqDK1g=s96-c', 0.0, '01745500555', '[{\"name\": \"hcccg\", \"number\": \"+8801931424220\", \"rating\": null, \"status\": \"pending\", \"riderId\": 47, \"vehicle\": \" Truck 1 ton vnnhc\", \"fcmToken\": \"\", \"bidAmount\": 3477, \"profilePic\": \"https://res.cloudinary.com/dcglyvwza/image/upload/v1733889706/rideapp/hbx4mamhcbt0nhjuzprp.jpg\", \"rideRequestId\": 155, \"vehicleNumber\": \"vnnhc\"}]', 'hcccg', 'https://res.cloudinary.com/dcglyvwza/image/upload/v1733889706/rideapp/hbx4mamhcbt0nhjuzprp.jpg', ' Truck 1 ton vnnhc', 'vnnhc', '+8801931424220', 5.0),
(156, 37, '7', '5', '{\"latitude\": 25.13733378467526, \"longitude\": 89.3869100511074}', '{\"latitude\": 24.85356970711226, \"longitude\": 89.36985656619072}', '2024-12-12 01:08:55', 3481.00, '{\"outsideCity\": false, \"productType\": \"Electronics\"}', 'ride_active', 47, '', '', 1684, '2024-12-12 01:08:36', '2024-12-12 01:08:36', '49PP+WQJ, Gobindogonj, Bangladesh', 'Robiul Mansion, Santahar Rd, Bogra, Bangladesh', 'MD NAZMUL HOSSAIN', 'https://lh3.googleusercontent.com/a/ACg8ocKJ-R4eiPWdslzXmu9iKGxcxBzThFLlUogKrsq4ZAc0HqDK1g=s96-c', 0.0, '01745500555', '[{\"name\": \"hcccg\", \"number\": \"+8801931424220\", \"rating\": null, \"status\": \"pending\", \"riderId\": 47, \"vehicle\": \" Truck 1 ton vnnhc\", \"fcmToken\": \"\", \"bidAmount\": 3481, \"profilePic\": \"https://res.cloudinary.com/dcglyvwza/image/upload/v1733889706/rideapp/hbx4mamhcbt0nhjuzprp.jpg\", \"rideRequestId\": 156, \"vehicleNumber\": \"vnnhc\"}]', 'hcccg', 'https://res.cloudinary.com/dcglyvwza/image/upload/v1733889706/rideapp/hbx4mamhcbt0nhjuzprp.jpg', ' Truck 1 ton vnnhc', 'vnnhc', '+8801931424220', 5.0),
(157, 37, '7', '5', '{\"latitude\": 25.16863845637552, \"longitude\": 89.3889807164669}', '{\"latitude\": 24.878226165253743, \"longitude\": 89.37021765857935}', '2024-12-25 07:10:18', 5396.00, '{\"outsideCity\": false}', 'bidding', NULL, NULL, '', 8840, '2024-12-12 01:10:22', '2024-12-12 01:10:22', '599Q+CJ5, Bangladesh', 'V9HC+73G, Bogura, Bangladesh', 'MD NAZMUL HOSSAIN', 'https://lh3.googleusercontent.com/a/ACg8ocKJ-R4eiPWdslzXmu9iKGxcxBzThFLlUogKrsq4ZAc0HqDK1g=s96-c', 0.0, '01745500555', '[]', NULL, NULL, NULL, NULL, NULL, NULL),
(158, 37, '7', '5', '{\"latitude\": 25.141279214616944, \"longitude\": 89.38879933208227}', '{\"latitude\": 25.018717835647116, \"longitude\": 89.36931643635035}', '2024-12-12 02:51:47', 1010.00, '{\"labourNeed\": 1, \"outsideCity\": false, \"labourRequired\": true}', 'ride_completed', 32, '', '', 5654, '2024-12-12 02:43:55', '2024-12-12 02:43:55', '49RQ+C77, Gobindogonj, Bangladesh', '2999+HPQ, Dhaka - Rangpur Hwy, Bangladesh', 'MD NAZMUL HOSSAIN', 'https://lh3.googleusercontent.com/a/ACg8ocKJ-R4eiPWdslzXmu9iKGxcxBzThFLlUogKrsq4ZAc0HqDK1g=s96-c', 0.0, '01745500555', '[{\"name\": \"Muhammed Rakibul Hasan\", \"number\": \"01777553989\", \"rating\": null, \"status\": \"pending\", \"riderId\": 32, \"vehicle\": \" Truck 1 ton hxhxc\", \"fcmToken\": \"\", \"bidAmount\": 1010, \"profilePic\": \"https://lh3.googleusercontent.com/a/ACg8ocLhf9ThvQNWBFYi1uXVdQROqN26Vb8LwhZD6TL_Tqmcnaz5-C88=s96-c\", \"rideRequestId\": 158, \"vehicleNumber\": \"hxhxc\"}, {\"name\": \"Chamok Khandoker\", \"number\": \"01724377651\", \"rating\": null, \"status\": \"pending\", \"riderId\": 49, \"vehicle\": \" Truck 1 ton 2565266\", \"fcmToken\": \"\", \"bidAmount\": 1000, \"profilePic\": \"https://lh3.googleusercontent.com/a/ACg8ocLBo07TwbkxsducwQdo7tM1F8TcENZw35Ej_qwJUwA0fKMjVmI=s96-c\", \"rideRequestId\": 158, \"vehicleNumber\": \"2565266\"}]', 'Muhammed Rakibul Hasan', 'https://lh3.googleusercontent.com/a/ACg8ocLhf9ThvQNWBFYi1uXVdQROqN26Vb8LwhZD6TL_Tqmcnaz5-C88=s96-c', ' Truck 1 ton hxhxc', 'hxhxc', '01777553989', 5.0),
(159, 32, '7', '5', '{\"latitude\": 25.13733378467526, \"longitude\": 89.3869100511074}', '{\"latitude\": 22.375207526839635, \"longitude\": 91.83486063033342}', '2024-12-12 03:36:42', 50.06, '{\"labourNeed\": 2, \"outsideCity\": false, \"labourRequired\": true}', 'ride_completed', 36, '', '', 8220, '2024-12-12 03:35:17', '2024-12-12 03:35:17', '49PP+WQJ, Gobindogonj, Bangladesh', '9RGM+3WQ, Chattogram, Bangladesh', 'Muhammed Rakibul Hasan', 'https://lh3.googleusercontent.com/a/ACg8ocLhf9ThvQNWBFYi1uXVdQROqN26Vb8LwhZD6TL_Tqmcnaz5-C88=s96-c', 0.0, '01777553989', '[{\"name\": \"hcjchcc\", \"number\": \"+8801777553989\", \"rating\": null, \"status\": \"pending\", \"riderId\": 36, \"vehicle\": \" Truck 1 ton hcchgc\", \"fcmToken\": \"\", \"bidAmount\": 50.06, \"profilePic\": \"https://res.cloudinary.com/dcglyvwza/image/upload/v1733888838/rideapp/remnoz4rseltslqodjjr.jpg\", \"rideRequestId\": 159, \"vehicleNumber\": \"hcchgc\"}]', 'hcjchcc', 'https://res.cloudinary.com/dcglyvwza/image/upload/v1733888838/rideapp/remnoz4rseltslqodjjr.jpg', ' Truck 1 ton hcchgc', 'hcchgc', '+8801777553989', 5.0),
(160, 32, '7', '5', '{\"latitude\": 25.13669668852521, \"longitude\": 89.38884794712067}', '{\"latitude\": 23.79526599143673, \"longitude\": 90.42872596532106}', '2024-12-12 21:36:12', 1.00, '{\"outsideCity\": false}', 'bidding', NULL, NULL, '', 2567, '2024-12-12 03:41:51', '2024-12-12 03:41:51', '5740, গোবিন্দগঞ্জ, Bangladesh', 'ORNATE HOUSE,1181 NURERCHALA MAN ROAD Dhaka, Dhaka 1212, Bangladesh', 'Muhammed Rakibul Hasan', 'https://lh3.googleusercontent.com/a/ACg8ocLhf9ThvQNWBFYi1uXVdQROqN26Vb8LwhZD6TL_Tqmcnaz5-C88=s96-c', 0.0, '01777553989', '[{\"name\": \"hcjchcc\", \"number\": \"+8801777553989\", \"rating\": null, \"status\": \"pending\", \"riderId\": 36, \"vehicle\": \" Truck 1 ton hcchgc\", \"fcmToken\": \"\", \"bidAmount\": 1, \"profilePic\": \"https://res.cloudinary.com/dcglyvwza/image/upload/v1733888838/rideapp/remnoz4rseltslqodjjr.jpg\", \"rideRequestId\": 160, \"vehicleNumber\": \"hcchgc\"}, {\"name\": \"Sabbir al hasan\", \"number\": \"01783196936\", \"rating\": null, \"status\": \"pending\", \"riderId\": 45, \"vehicle\": \" Truck 1 ton 23568\", \"fcmToken\": \"\", \"bidAmount\": 1, \"profilePic\": \"https://lh3.googleusercontent.com/a/ACg8ocIj1GvQFmwbMDfTfnPszU0xobWVv0UxUFsTzjtyDvEiLpcaxQ=s96-c\", \"rideRequestId\": 160, \"vehicleNumber\": \"23568\"}]', NULL, NULL, NULL, NULL, NULL, NULL),
(161, 32, '7', '5', '{\"latitude\": 26.416981295718312, \"longitude\": 88.62230747938156}', '{\"latitude\": 20.8592908294098, \"longitude\": 92.29039561003448}', '2024-12-31 09:45:07', 2.00, '{\"outsideCity\": false}', 'bidding', NULL, NULL, '', 7810, '2024-12-12 03:45:16', '2024-12-12 03:45:16', 'CJ8C+QW Haldibari, Bangladesh', 'V76R+228, N1, Teknaf, Bangladesh', 'Muhammed Rakibul Hasan', 'https://lh3.googleusercontent.com/a/ACg8ocLhf9ThvQNWBFYi1uXVdQROqN26Vb8LwhZD6TL_Tqmcnaz5-C88=s96-c', 0.0, '01777553989', '[]', NULL, NULL, NULL, NULL, NULL, NULL),
(162, 32, '7', '5', '{\"latitude\": 25.748275915854027, \"longitude\": 89.25588145852089}', '{\"latitude\": 20.8592908294098, \"longitude\": 92.29039561003448}', '2024-12-31 09:45:07', 3.00, '{\"labourNeed\": 1, \"outsideCity\": false, \"labourRequired\": true}', 'bidding', NULL, NULL, '', 8740, '2024-12-12 03:46:07', '2024-12-12 03:46:07', 'P7X4+88F, G L Roy Rd, Rangpur, Bangladesh', 'V76R+228, N1, Teknaf, Bangladesh', 'Muhammed Rakibul Hasan', 'https://lh3.googleusercontent.com/a/ACg8ocLhf9ThvQNWBFYi1uXVdQROqN26Vb8LwhZD6TL_Tqmcnaz5-C88=s96-c', 0.0, '01777553989', '[]', NULL, NULL, NULL, NULL, NULL, NULL),
(163, 32, '7', '5', '{\"latitude\": 25.573122471389873, \"longitude\": 89.27631419152021}', '{\"latitude\": 20.857776009705244, \"longitude\": 92.29756180197}', '2024-12-23 09:49:06', 4.00, '{\"outsideCity\": false}', 'bidding', NULL, NULL, '', 4677, '2024-12-12 03:49:10', '2024-12-12 03:49:10', 'H7FG+89H, Durgapur, Bangladesh', 'V75X+427, Teknaf, Bangladesh', 'Muhammed Rakibul Hasan', 'https://lh3.googleusercontent.com/a/ACg8ocLhf9ThvQNWBFYi1uXVdQROqN26Vb8LwhZD6TL_Tqmcnaz5-C88=s96-c', 0.0, '01777553989', '[]', NULL, NULL, NULL, NULL, NULL, NULL),
(164, 32, '7', '5', '{\"latitude\": 25.41130366195224, \"longitude\": 89.31896399706602}', '{\"latitude\": 20.857776009705244, \"longitude\": 92.29756180197}', '2024-12-23 09:49:06', 7.00, '{\"outsideCity\": false}', 'bidding', NULL, NULL, '', 6896, '2024-12-12 03:51:03', '2024-12-12 03:51:03', 'C869+VW, Pirganj, Bangladesh', 'V75X+427, Teknaf, Bangladesh', 'Muhammed Rakibul Hasan', 'https://lh3.googleusercontent.com/a/ACg8ocLhf9ThvQNWBFYi1uXVdQROqN26Vb8LwhZD6TL_Tqmcnaz5-C88=s96-c', 0.0, '01777553989', '[]', NULL, NULL, NULL, NULL, NULL, NULL),
(165, 32, '7', '5', '{\"latitude\": 25.34510988070292, \"longitude\": 89.34211280196905}', '{\"latitude\": 20.857776009705244, \"longitude\": 92.29756180197}', '2024-12-23 09:49:06', 7.00, '{\"outsideCity\": false}', 'bidding', NULL, NULL, '', 5588, '2024-12-12 03:52:22', '2024-12-12 03:52:22', '88WR+2RX, Dhaperhat, Bangladesh', 'V75X+427, Teknaf, Bangladesh', 'Muhammed Rakibul Hasan', 'https://lh3.googleusercontent.com/a/ACg8ocLhf9ThvQNWBFYi1uXVdQROqN26Vb8LwhZD6TL_Tqmcnaz5-C88=s96-c', 0.0, '01777553989', '[]', NULL, NULL, NULL, NULL, NULL, NULL),
(166, 32, '7', '5', '{\"latitude\": 25.34510988070292, \"longitude\": 89.34211280196905}', '{\"latitude\": 24.852553593117495, \"longitude\": 89.37302760779858}', '2024-12-23 09:49:06', 7.00, '{\"outsideCity\": false}', 'bidding', NULL, NULL, '', 4794, '2024-12-12 03:53:24', '2024-12-12 03:53:24', '88WR+2RX, Dhaperhat, Bangladesh', 'V93F+26C, Bogura, Bangladesh', 'Muhammed Rakibul Hasan', 'https://lh3.googleusercontent.com/a/ACg8ocLhf9ThvQNWBFYi1uXVdQROqN26Vb8LwhZD6TL_Tqmcnaz5-C88=s96-c', 0.0, '01777553989', '[]', NULL, NULL, NULL, NULL, NULL, NULL),
(167, 32, '7', '5', '{\"latitude\": 25.279386756346433, \"longitude\": 89.35351990163326}', '{\"latitude\": 24.852553593117495, \"longitude\": 89.37302760779858}', '2024-12-23 09:49:06', 7.00, '{\"outsideCity\": false}', 'bidding', NULL, NULL, '', 1231, '2024-12-12 03:54:11', '2024-12-12 03:54:11', '79H3+QC2, Palashbari, Bangladesh', 'V93F+26C, Bogura, Bangladesh', 'Muhammed Rakibul Hasan', 'https://lh3.googleusercontent.com/a/ACg8ocLhf9ThvQNWBFYi1uXVdQROqN26Vb8LwhZD6TL_Tqmcnaz5-C88=s96-c', 0.0, '01777553989', '[]', NULL, NULL, NULL, NULL, NULL, NULL),
(168, 32, '7', '5', '{\"latitude\": 25.20150531091312, \"longitude\": 89.38765905797482}', '{\"latitude\": 24.852553593117495, \"longitude\": 89.37302760779858}', '2024-12-23 09:49:06', 7.00, '{\"outsideCity\": false}', 'bidding', NULL, NULL, '', 8070, '2024-12-12 03:55:48', '2024-12-12 03:55:48', '692Q+J3 Taluk Kanupur, Bangladesh', 'V93F+26C, Bogura, Bangladesh', 'Muhammed Rakibul Hasan', 'https://lh3.googleusercontent.com/a/ACg8ocLhf9ThvQNWBFYi1uXVdQROqN26Vb8LwhZD6TL_Tqmcnaz5-C88=s96-c', 0.0, '01777553989', '[]', NULL, NULL, NULL, NULL, NULL, NULL),
(169, 32, '7', '5', '{\"latitude\": 25.13733378467526, \"longitude\": 89.3869100511074}', '{\"latitude\": 21.427218524974336, \"longitude\": 92.00610592961311}', '2024-12-12 04:02:38', 7.00, '{\"outsideCity\": false}', 'ride_placed', 36, '', '', 3549, '2024-12-12 03:56:50', '2024-12-12 03:56:50', '49PP+WQJ, Gobindogonj, Bangladesh', 'C2G4+VCQ, Cox\'s Bazar, Bangladesh', 'Muhammed Rakibul Hasan', 'https://lh3.googleusercontent.com/a/ACg8ocLhf9ThvQNWBFYi1uXVdQROqN26Vb8LwhZD6TL_Tqmcnaz5-C88=s96-c', 0.0, '01777553989', '[{\"name\": \"hcjchcc\", \"number\": \"+8801777553989\", \"rating\": null, \"status\": \"pending\", \"riderId\": 36, \"vehicle\": \" Truck 1 ton hcchgc\", \"fcmToken\": \"\", \"bidAmount\": 7, \"profilePic\": \"https://res.cloudinary.com/dcglyvwza/image/upload/v1733888838/rideapp/remnoz4rseltslqodjjr.jpg\", \"rideRequestId\": 169, \"vehicleNumber\": \"hcchgc\"}]', 'hcjchcc', 'https://res.cloudinary.com/dcglyvwza/image/upload/v1733888838/rideapp/remnoz4rseltslqodjjr.jpg', ' Truck 1 ton hcchgc', 'hcchgc', '+8801777553989', 5.0),
(170, 32, '7', '5', '{\"latitude\": 25.09044234370604, \"longitude\": 89.3811671063304}', '{\"latitude\": 21.427218524974336, \"longitude\": 92.00610592961311}', '2024-12-26 10:03:56', 62373.00, '{\"outsideCity\": false}', 'bidding', NULL, NULL, '', 3706, '2024-12-12 04:04:02', '2024-12-12 04:04:02', '39RJ+4CR, Dhaka - Rangpur Hwy, Bangladesh', 'C2G4+VCQ, Cox\'s Bazar, Bangladesh', 'Muhammed Rakibul Hasan', 'https://lh3.googleusercontent.com/a/ACg8ocLhf9ThvQNWBFYi1uXVdQROqN26Vb8LwhZD6TL_Tqmcnaz5-C88=s96-c', 0.0, '01777553989', '[]', NULL, NULL, NULL, NULL, NULL, NULL),
(171, 32, '7', '5', '{\"latitude\": 25.158184631455732, \"longitude\": 89.40867315977812}', '{\"latitude\": 21.427218524974336, \"longitude\": 92.00610592961311}', '2024-12-26 10:03:56', 33.00, '{\"outsideCity\": false}', 'bidding', NULL, NULL, '', 1643, '2024-12-12 04:08:06', '2024-12-12 04:08:06', '5C55+7F Futani Bazar, Bangladesh', 'C2G4+VCQ, Cox\'s Bazar, Bangladesh', 'Muhammed Rakibul Hasan', 'https://lh3.googleusercontent.com/a/ACg8ocLhf9ThvQNWBFYi1uXVdQROqN26Vb8LwhZD6TL_Tqmcnaz5-C88=s96-c', 0.0, '01777553989', '[]', NULL, NULL, NULL, NULL, NULL, NULL),
(172, 32, '7', '5', '{\"latitude\": 25.15140945297858, \"longitude\": 89.38982259482145}', '{\"latitude\": 21.427218524974336, \"longitude\": 92.00610592961311}', '2024-12-26 10:03:56', 33.00, '{\"outsideCity\": false}', 'bidding', NULL, NULL, '', 4619, '2024-12-12 04:09:05', '2024-12-12 04:09:05', '592Q+MPX, Bangladesh', 'C2G4+VCQ, Cox\'s Bazar, Bangladesh', 'Muhammed Rakibul Hasan', 'https://lh3.googleusercontent.com/a/ACg8ocLhf9ThvQNWBFYi1uXVdQROqN26Vb8LwhZD6TL_Tqmcnaz5-C88=s96-c', 0.0, '01777553989', '[]', NULL, NULL, NULL, NULL, NULL, NULL),
(173, 35, '7', '5', '{\"latitude\": 25.136994, \"longitude\": 89.3863957}', '{\"latitude\": 23.804093, \"longitude\": 90.4152376}', '2024-12-12 21:17:56', 23096.00, '{\"labourNeed\": 1, \"productType\": \"Electronics\", \"labourRequired\": true}', 'bidding', NULL, NULL, '', 5775, '2024-12-12 21:11:49', '2024-12-12 21:11:49', '49PP+QHR, Gobindogonj, Bangladesh', 'Dhaka, Bangladesh', 'Tokhon', 'https://res.cloudinary.com/dcglyvwza/image/upload/v1732992090/rideapp/sh7qlkspqu7sutfyqtik.jpg', 0.0, '+8801745500555', '[{\"name\": \"Sabbir al hasan\", \"number\": \"01783196936\", \"rating\": null, \"status\": \"pending\", \"riderId\": 45, \"vehicle\": \" Truck 1 ton 23568\", \"fcmToken\": \"\", \"bidAmount\": 23096, \"profilePic\": \"https://lh3.googleusercontent.com/a/ACg8ocIj1GvQFmwbMDfTfnPszU0xobWVv0UxUFsTzjtyDvEiLpcaxQ=s96-c\", \"rideRequestId\": 173, \"vehicleNumber\": \"23568\"}]', NULL, NULL, NULL, NULL, NULL, NULL),
(174, 45, '7', '5', '{\"latitude\": 25.1367636, \"longitude\": 89.38500520000001}', '{\"latitude\": 23.804093, \"longitude\": 90.4152376}', '2024-12-17 03:14:32', 23112.00, '{\"labourNeed\": 1, \"labourRequired\": true}', 'bidding', NULL, NULL, '', 9628, '2024-12-12 21:14:37', '2024-12-12 21:14:37', '49PP+P28, রোড, Ghoraghat, Bangladesh', 'Dhaka, Bangladesh', 'Sabbir al hasan', 'https://lh3.googleusercontent.com/a/ACg8ocIj1GvQFmwbMDfTfnPszU0xobWVv0UxUFsTzjtyDvEiLpcaxQ=s96-c', 0.0, '01783196936', '[]', NULL, NULL, NULL, NULL, NULL, NULL),
(175, 35, '7', '5', '{\"latitude\": 25.133122, \"longitude\": 89.3866029}', '{\"latitude\": 24.2457236, \"longitude\": 89.9215682}', '2024-12-18 17:21:41', 15417.00, '{\"labourNeed\": 1, \"labourRequired\": true}', 'bidding', NULL, NULL, '', 4597, '2024-12-12 21:21:52', '2024-12-12 21:21:52', '49MP+6JX, Khutibari Rd, Gobindogonj, Bangladesh', '6WWC+7JP, Moszid Rd, Tangail, Bangladesh', 'Tokhon', 'https://res.cloudinary.com/dcglyvwza/image/upload/v1732992090/rideapp/sh7qlkspqu7sutfyqtik.jpg', 0.0, '+8801745500555', '[]', NULL, NULL, NULL, NULL, NULL, NULL),
(176, 35, '7', '5', '{\"latitude\": 25.1407156, \"longitude\": 89.3829513}', '{\"latitude\": 25.328978, \"longitude\": 89.5415074}', '2024-12-24 03:30:05', 4673.00, '{\"labourNeed\": 1, \"productType\": \"Electronics\", \"labourRequired\": true}', 'bidding', NULL, NULL, '', 8997, '2024-12-12 21:30:15', '2024-12-12 21:30:15', '49RM+764, Gobindogonj, Bangladesh', 'Gaibandha, Bangladesh', 'Tokhon', 'https://res.cloudinary.com/dcglyvwza/image/upload/v1732992090/rideapp/sh7qlkspqu7sutfyqtik.jpg', 0.0, '+8801745500555', '[]', NULL, NULL, NULL, NULL, NULL, NULL),
(177, 45, '7', '5', '{\"latitude\": 25.1407462, \"longitude\": 89.3831057}', '{\"latitude\": 25.6221484, \"longitude\": 88.6437963}', '2024-12-13 03:33:20', 12365.00, '{\"labourNeed\": 2, \"productType\": \"Construction Materials\", \"labourRequired\": true}', 'bidding', NULL, NULL, '', 4497, '2024-12-12 21:33:25', '2024-12-12 21:33:25', '49RM+76X, Gobindogonj, Bangladesh', 'Dinajpur, Bangladesh', 'Sabbir al hasan', 'https://lh3.googleusercontent.com/a/ACg8ocIj1GvQFmwbMDfTfnPszU0xobWVv0UxUFsTzjtyDvEiLpcaxQ=s96-c', 0.0, '01783196936', '[]', NULL, NULL, NULL, NULL, NULL, NULL);
INSERT INTO `ride_requests` (`id`, `user_id`, `service_id`, `vehicle_type`, `pickup_point`, `destination`, `time`, `fare`, `extra_details`, `status`, `driver_id`, `driver_fcm_token`, `user_fcm_token`, `otp`, `created_at`, `updated_at`, `pickup_place`, `destination_place`, `user_name`, `user_pic`, `user_rating`, `user_number`, `bids`, `driver_name`, `driver_pic`, `vehicle`, `vehicle_number`, `driver_number`, `driver_rating`) VALUES
(178, 52, '7', '5', '{\"latitude\": 25.13733378467526, \"longitude\": 89.3869100511074}', '{\"latitude\": 23.78612376558443, \"longitude\": 90.32990500330924}', '2024-12-13 05:10:58', 23885.00, '{\"labourNeed\": 2, \"outsideCity\": false, \"labourRequired\": true}', 'bidding', NULL, NULL, '', 9588, '2024-12-13 05:08:45', '2024-12-13 05:08:45', '49PP+WQJ, Gobindogonj, Bangladesh', 'Q8PH+CXR, Aminbazar, Bangladesh', 'sabbir hasan', 'https://res.cloudinary.com/dcglyvwza/image/upload/v1734095168/rideapp/zy6ma2dmzuozkqcxtgrj.png', 0.0, '+8801948958696', '[{\"name\": \"Tokhon\", \"number\": \"+8801745500555\", \"rating\": null, \"status\": \"pending\", \"riderId\": 35, \"vehicle\": \" Truck 1 ton 123628\", \"fcmToken\": \"\", \"bidAmount\": 23885, \"profilePic\": \"https://res.cloudinary.com/dcglyvwza/image/upload/v1732992090/rideapp/sh7qlkspqu7sutfyqtik.jpg\", \"rideRequestId\": 178, \"vehicleNumber\": \"123628\"}]', NULL, NULL, NULL, NULL, NULL, NULL),
(179, 52, '7', '5', '{\"latitude\": 25.13733378467526, \"longitude\": 89.3869100511074}', '{\"latitude\": 23.78612376558443, \"longitude\": 90.32990500330924}', '2024-12-21 03:00:22', 23885.00, '{\"labourNeed\": 2, \"outsideCity\": false, \"labourRequired\": true}', 'bidding', NULL, NULL, '', 4852, '2024-12-13 05:09:31', '2024-12-13 05:09:31', '49PP+WQJ, Gobindogonj, Bangladesh', 'Q8PH+CXR, Aminbazar, Bangladesh', 'sabbir hasan', 'https://res.cloudinary.com/dcglyvwza/image/upload/v1734095168/rideapp/zy6ma2dmzuozkqcxtgrj.png', 0.0, '+8801948958696', '[]', NULL, NULL, NULL, NULL, NULL, NULL),
(180, 45, '7', '5', '{\"latitude\": 25.13733378467526, \"longitude\": 89.3869100511074}', '{\"latitude\": 23.847901338205556, \"longitude\": 90.25769893079996}', '2024-12-13 05:19:10', 22593.00, '{\"labourNeed\": 2, \"outsideCity\": false, \"productType\": \"Electronics\", \"labourRequired\": true}', 'ride_completed', 35, '', '', 8966, '2024-12-13 05:16:08', '2024-12-13 05:16:08', '49PP+WQJ, Gobindogonj, Bangladesh', 'R7X5+538, Savar, Bangladesh', 'Sabbir al hasan', 'https://lh3.googleusercontent.com/a/ACg8ocIj1GvQFmwbMDfTfnPszU0xobWVv0UxUFsTzjtyDvEiLpcaxQ=s96-c', 0.0, '01783196936', '[{\"name\": \"Tokhon\", \"number\": \"+8801745500555\", \"rating\": null, \"status\": \"pending\", \"riderId\": 35, \"vehicle\": \" Truck 1 ton 123628\", \"fcmToken\": \"\", \"bidAmount\": 22593, \"profilePic\": \"https://res.cloudinary.com/dcglyvwza/image/upload/v1732992090/rideapp/sh7qlkspqu7sutfyqtik.jpg\", \"rideRequestId\": 180, \"vehicleNumber\": \"123628\"}]', 'Tokhon', 'https://res.cloudinary.com/dcglyvwza/image/upload/v1732992090/rideapp/sh7qlkspqu7sutfyqtik.jpg', ' Truck 1 ton 123628', '123628', '+8801745500555', 5.0),
(181, 42, '7', '5', '{\"latitude\": 23.81483340790354, \"longitude\": 90.38248468190432}', '{\"latitude\": 25.749393866467692, \"longitude\": 89.26108662039042}', '2024-12-21 06:07:05', 30678.00, '{\"labourNeed\": 1, \"outsideCity\": false, \"labourRequired\": true}', 'bidding', NULL, NULL, '', 5610, '2024-12-21 05:07:10', '2024-12-21 05:07:10', 'House: 56/7-N Palashnagar Mirpur 11, ঢাকা 1216, Bangladesh', 'P7X6+QC4, Rangpur, Bangladesh', 'Md Nazmul Hossain', 'https://lh3.googleusercontent.com/a/ACg8ocJ9_9M9SjteDL-Vak4bUNkwfMVyvQ2EBOV3uD85IMTfV_6Tiao=s96-c', 0.0, '0171111111', '[]', NULL, NULL, NULL, NULL, NULL, NULL),
(182, 62, '7', '5', '{\"latitude\": 23.780556203164185, \"longitude\": 90.42665831744672}', '{\"latitude\": 23.990518072704447, \"longitude\": 90.38771834224464}', '2025-02-10 10:36:16', 2709.93, '{\"outsideCity\": false}', 'pending', 62, '', '', 4939, '2024-12-21 18:32:49', '2024-12-21 18:32:49', 'QCJG+6M7, Dhaka 1212, Bangladesh', 'X9RQ+634, Gazipur, Bangladesh', 'Md Shamim', 'https://res.cloudinary.com/dcglyvwza/image/upload/v1734805829/rideapp/krc0dz7xpvoudmvkcfnp.jpg', 0.0, '+8801728808748', '[{\"rideRequestId\":182,\"riderId\":62,\"bidAmount\":2709.93,\"profilePic\":\"https://res.cloudinary.com/dcglyvwza/image/upload/v1734805829/rideapp/krc0dz7xpvoudmvkcfnp.jpg\",\"rating\":null,\"name\":\"Md Shamim\",\"vehicle\":\" Truck 1 ton \",\"vehicleNumber\":\"\",\"number\":\"+8801728808748\",\"fcmToken\":\"\",\"status\":\"pending\"}]', 'Md Shamim', 'https://res.cloudinary.com/dcglyvwza/image/upload/v1734805829/rideapp/krc0dz7xpvoudmvkcfnp.jpg', ' Truck 1 ton ', '', '+8801728808748', 5.0),
(183, 62, '7', '5', '{\"latitude\": 23.852964659148988, \"longitude\": 90.40865063667296}', '{\"latitude\": 23.77776727007517, \"longitude\": 90.40574077516794}', '2024-12-22 17:13:32', 1351.00, '{\"outsideCity\": false}', 'bidding', NULL, NULL, '', 4663, '2024-12-21 19:13:47', '2024-12-21 19:13:47', 'VC35+4FF, Airport - Dakshinkhan Rd, Dhaka 1230, Bangladesh', 'QCH4+475, Dhaka 1212, Bangladesh', 'Md Shamim', 'https://res.cloudinary.com/dcglyvwza/image/upload/v1734805829/rideapp/krc0dz7xpvoudmvkcfnp.jpg', 0.0, '+8801728808748', '[]', NULL, NULL, NULL, NULL, NULL, NULL),
(184, 62, '7', '5', '{\"latitude\": 23.78893246078791, \"longitude\": 90.43488532304764}', '{\"latitude\": 23.990518072704447, \"longitude\": 90.38771834224464}', '2025-02-07 17:23:33', 2976.00, '{\"outsideCity\": false}', 'bidding', NULL, NULL, '', 6515, '2024-12-24 16:02:40', '2024-12-24 16:02:40', 'QCQM+HX6, Satarkul Rd, Dhaka 1212, Bangladesh', 'X9RQ+634, Gazipur, Bangladesh', 'Md Shamim', 'https://res.cloudinary.com/dcglyvwza/image/upload/v1734805829/rideapp/krc0dz7xpvoudmvkcfnp.jpg', 0.0, '+8801728808748', '[{\"rideRequestId\":184,\"riderId\":62,\"bidAmount\":3065.28,\"profilePic\":\"https://res.cloudinary.com/dcglyvwza/image/upload/v1734805829/rideapp/krc0dz7xpvoudmvkcfnp.jpg\",\"rating\":null,\"name\":\"Md Shamim\",\"vehicle\":\" Truck 1 ton \",\"vehicleNumber\":\"\",\"number\":\"+8801728808748\",\"fcmToken\":\"\",\"status\":\"pending\"}]', NULL, NULL, NULL, NULL, NULL, NULL),
(185, 62, '7', '5', '{\"latitude\": 23.78893246078791, \"longitude\": 90.43488532304764}', '{\"latitude\": 23.990518072704447, \"longitude\": 90.38771834224464}', '2025-02-05 18:45:02', 4919.28, '{\"labourNeed\": 2, \"outsideCity\": false, \"labourRequired\": true}', 'ride_placed', 62, '', '', 9511, '2024-12-24 16:10:09', '2024-12-24 16:10:09', 'QCQM+HX6, Satarkul Rd, Dhaka 1212, Bangladesh', 'X9RQ+634, Gazipur, Bangladesh', 'Md Shamim', 'https://res.cloudinary.com/dcglyvwza/image/upload/v1734805829/rideapp/krc0dz7xpvoudmvkcfnp.jpg', 0.0, '+8801728808748', '[{\"rideRequestId\":185,\"riderId\":62,\"bidAmount\":4919.28,\"profilePic\":\"https://res.cloudinary.com/dcglyvwza/image/upload/v1734805829/rideapp/krc0dz7xpvoudmvkcfnp.jpg\",\"rating\":null,\"name\":\"Md Shamim\",\"vehicle\":\" Truck 1 ton \",\"vehicleNumber\":\"\",\"number\":\"+8801728808748\",\"fcmToken\":\"\",\"status\":\"pending\"}]', 'Md Shamim', 'https://res.cloudinary.com/dcglyvwza/image/upload/v1734805829/rideapp/krc0dz7xpvoudmvkcfnp.jpg', ' Truck 1 ton ', '', '+8801728808748', 5.0),
(186, 62, '7', '5', '{\"latitude\": 23.990518072704447, \"longitude\": 90.38771834224464}', '{\"latitude\": 23.889984178730675, \"longitude\": 90.40734708309174}', '2024-12-24 14:12:43', 1281.00, '{\"outsideCity\": false}', 'bidding', NULL, NULL, '', 1222, '2024-12-24 16:12:46', '2024-12-24 16:12:46', 'X9RQ+634, Gazipur, Bangladesh', 'VCQ4+XWQ, Tongi, Bangladesh', 'Md Shamim', 'https://res.cloudinary.com/dcglyvwza/image/upload/v1734805829/rideapp/krc0dz7xpvoudmvkcfnp.jpg', 0.0, '+8801728808748', '[]', NULL, NULL, NULL, NULL, NULL, NULL),
(187, 62, '7', '5', '{\"latitude\": 23.78893246078791, \"longitude\": 90.43488532304764}', '{\"latitude\": 23.782053427494535, \"longitude\": 90.42312283068895}', '2025-02-10 18:28:07', 239.99, '{\"outsideCity\": false}', 'ride_placed', 62, '', '', 4476, '2024-12-24 16:15:50', '2024-12-24 16:15:50', 'QCQM+HX6, Satarkul Rd, Dhaka 1212, Bangladesh', 'uttarbadda, Dhaka 1212, ঢাকা 1212, Bangladesh', 'Md Shamim', 'https://res.cloudinary.com/dcglyvwza/image/upload/v1734805829/rideapp/krc0dz7xpvoudmvkcfnp.jpg', 0.0, '+8801728808748', '[{\"rideRequestId\":187,\"riderId\":62,\"bidAmount\":239.99,\"profilePic\":\"https://res.cloudinary.com/dcglyvwza/image/upload/v1734805829/rideapp/krc0dz7xpvoudmvkcfnp.jpg\",\"rating\":null,\"name\":\"Md Shamim\",\"vehicle\":\" Truck 1 ton \",\"vehicleNumber\":\"\",\"number\":\"+8801728808748\",\"fcmToken\":\"\",\"status\":\"pending\"}]', 'Md Shamim', 'https://res.cloudinary.com/dcglyvwza/image/upload/v1734805829/rideapp/krc0dz7xpvoudmvkcfnp.jpg', ' Truck 1 ton ', '', '+8801728808748', 5.0),
(188, 35, '7', '5', '{\"latitude\": 25.13733378467526, \"longitude\": 89.3869100511074}', '{\"latitude\": 23.831122461174896, \"longitude\": 90.42430132627489}', '2024-12-31 02:07:59', 23692.00, '{\"labourNeed\": 2, \"outsideCity\": false, \"labourRequired\": true}', 'bidding', NULL, NULL, '', 5848, '2024-12-25 04:08:50', '2024-12-25 04:08:50', '49PP+WQJ, Gobindogonj, Bangladesh', 'GSI International Export & Import, Rajuk Trade Centre,Nikunjo,2,, Khilkhet, ঢাকা 1229, Bangladesh', 'Tokhon', 'https://res.cloudinary.com/dcglyvwza/image/upload/v1732992090/rideapp/sh7qlkspqu7sutfyqtik.jpg', 0.0, '+8801745500555', '[]', NULL, NULL, NULL, NULL, NULL, NULL),
(189, 35, '7', '6', '{\"latitude\": 25.300686437065966, \"longitude\": 89.18085034936666}', '{\"latitude\": 23.831122461174896, \"longitude\": 90.42430132627489}', '2024-12-27 02:12:31', 28490.00, '{\"labourNeed\": 4, \"outsideCity\": false, \"labourRequired\": true}', 'bidding', NULL, NULL, '', 6160, '2024-12-25 04:12:44', '2024-12-25 04:12:44', '852J+78H, Belwa, Bangladesh', 'GSI International Export & Import, Rajuk Trade Centre,Nikunjo,2,, Khilkhet, ঢাকা 1229, Bangladesh', 'Tokhon', 'https://res.cloudinary.com/dcglyvwza/image/upload/v1732992090/rideapp/sh7qlkspqu7sutfyqtik.jpg', 0.0, '+8801745500555', '[]', NULL, NULL, NULL, NULL, NULL, NULL),
(190, 62, '7', '5', '{\"latitude\":23.79526605884692,\"longitude\":90.4287261237225}', '{\"latitude\":23.990518072704447,\"longitude\":90.38771834224463}', '2025-01-16 13:54:45', 3417.00, '{\"labourRequired\":true,\"labourNeed\":1,\"outsideCity\":false}', 'bidding', NULL, NULL, '', 7143, '2025-01-16 13:54:48', '2025-01-16 13:54:48', 'ORNATE HOUSE,1181 NURERCHALA MAN ROAD Dhaka, Dhaka 1212, Bangladesh', 'X9RQ+634, Gazipur, Bangladesh', 'Md Shamim', 'https://res.cloudinary.com/dcglyvwza/image/upload/v1734805829/rideapp/krc0dz7xpvoudmvkcfnp.jpg', 0.0, '+8801728808748', '[]', NULL, NULL, NULL, NULL, NULL, NULL),
(191, 62, '7', '5', '{\"latitude\":23.782043302879703,\"longitude\":90.42312283068895}', '{\"latitude\":23.99050796439002,\"longitude\":90.38771834224463}', '2025-01-30 12:45:02', 3528.00, '{\"labourRequired\":true,\"labourNeed\":1,\"outsideCity\":false}', 'bidding', NULL, NULL, '', 2791, '2025-01-30 12:45:07', '2025-01-30 12:45:07', 'QCJF+R65, Dhaka 1212, Bangladesh', 'X9RQ+634, Gazipur, Bangladesh', 'Md Shamim', 'https://res.cloudinary.com/dcglyvwza/image/upload/v1734805829/rideapp/krc0dz7xpvoudmvkcfnp.jpg', 0.0, '+8801728808748', '[]', NULL, NULL, NULL, NULL, NULL, NULL),
(192, 62, '7', '5', '{\"latitude\":23.782043302879703,\"longitude\":90.42312283068895}', '{\"latitude\":23.99050796439002,\"longitude\":90.38771834224463}', '2025-01-31 12:57:29', 3528.00, '{\"labourRequired\":true,\"labourNeed\":1,\"outsideCity\":false}', 'bidding', NULL, NULL, '', 8691, '2025-01-30 12:57:35', '2025-01-30 12:57:35', 'QCJF+R65, Dhaka 1212, Bangladesh', 'X9RQ+634, Gazipur, Bangladesh', 'Md Shamim', 'https://res.cloudinary.com/dcglyvwza/image/upload/v1734805829/rideapp/krc0dz7xpvoudmvkcfnp.jpg', 0.0, '+8801728808748', '[]', NULL, NULL, NULL, NULL, NULL, NULL),
(193, 62, '7', '5', '{\"latitude\":23.780546078432778,\"longitude\":90.42665831744671}', '{\"latitude\":23.99050796439002,\"longitude\":90.38771834224463}', '2025-02-03 12:05:15', 2631.00, '{\"outsideCity\":false}', 'bidding', NULL, NULL, '', 1139, '2025-02-02 12:05:20', '2025-02-02 12:05:20', 'QCJG+6M7, Dhaka 1212, Bangladesh', 'X9RQ+634, Gazipur, Bangladesh', 'Md Shamim', 'https://res.cloudinary.com/dcglyvwza/image/upload/v1734805829/rideapp/krc0dz7xpvoudmvkcfnp.jpg', 0.0, '+8801728808748', '[]', NULL, NULL, NULL, NULL, NULL, NULL),
(194, 62, '7', '5', '{\"latitude\":23.79526599143673,\"longitude\":90.42872596532106}', '{\"latitude\":23.851847875349655,\"longitude\":90.40809106081724}', '2025-02-03 13:58:35', 1996.00, '{\"labourRequired\":true,\"labourNeed\":1,\"outsideCity\":false}', 'bidding', NULL, NULL, '', 4803, '2025-02-03 13:57:17', '2025-02-03 13:57:17', 'ORNATE HOUSE,1181 NURERCHALA MAN ROAD Dhaka, Dhaka 1212, Bangladesh', 'Dhaka Airport Railway Station, Bir Uttam Ziaur Rahman Rd, Dhaka 1215, Bangladesh', 'Md Shamim', 'https://res.cloudinary.com/dcglyvwza/image/upload/v1734805829/rideapp/krc0dz7xpvoudmvkcfnp.jpg', 0.0, '+8801728808748', '[{\"rideRequestId\":194,\"riderId\":62,\"bidAmount\":2055.88,\"profilePic\":\"https://res.cloudinary.com/dcglyvwza/image/upload/v1734805829/rideapp/krc0dz7xpvoudmvkcfnp.jpg\",\"rating\":null,\"name\":\"Md Shamim\",\"vehicle\":\" Truck 1 ton \",\"vehicleNumber\":\"\",\"number\":\"+8801728808748\",\"fcmToken\":\"\",\"status\":\"pending\"}]', NULL, NULL, NULL, NULL, NULL, NULL),
(195, 62, '7', '5', '{\"latitude\":23.80066144358559,\"longitude\":90.42615238577127}', '{\"latitude\":23.782062324882663,\"longitude\":90.41605286300182}', '2025-02-10 10:15:52', 400.00, '{\"outsideCity\":false}', 'bidding', NULL, NULL, '', 9523, '2025-02-10 10:15:57', '2025-02-10 10:15:57', '712 Hazi Shonamia Masjid Rd, Dhaka 1212, Bangladesh', 'QCJ8+RC3, Dhaka 1212, Bangladesh', 'Md Shamim', 'https://res.cloudinary.com/dcglyvwza/image/upload/v1734805829/rideapp/krc0dz7xpvoudmvkcfnp.jpg', 0.0, '+8801728808748', '[]', NULL, NULL, NULL, NULL, NULL, NULL),
(196, 62, '7', '5', '{\"latitude\":23.780546078432778,\"longitude\":90.42665831744671}', '{\"latitude\":23.782062324882663,\"longitude\":90.41605286300182}', '2025-02-10 10:23:18', 1339.00, '{\"outsideCity\":false,\"labourRequired\":true,\"labourNeed\":1}', 'ride_placed', 62, '', '', 5866, '2025-02-10 10:22:28', '2025-02-10 10:22:28', 'QCJG+6M7, Dhaka 1212, Bangladesh', 'QCJ8+RC3, Dhaka 1212, Bangladesh', 'Md Shamim', 'https://res.cloudinary.com/dcglyvwza/image/upload/v1734805829/rideapp/krc0dz7xpvoudmvkcfnp.jpg', 0.0, '+8801728808748', '[{\"rideRequestId\":196,\"riderId\":62,\"bidAmount\":1339,\"profilePic\":\"https://res.cloudinary.com/dcglyvwza/image/upload/v1734805829/rideapp/krc0dz7xpvoudmvkcfnp.jpg\",\"rating\":null,\"name\":\"Md Shamim\",\"vehicle\":\" Truck 1 ton \",\"vehicleNumber\":\"\",\"number\":\"+8801728808748\",\"fcmToken\":\"\",\"status\":\"pending\"}]', 'Md Shamim', 'https://res.cloudinary.com/dcglyvwza/image/upload/v1734805829/rideapp/krc0dz7xpvoudmvkcfnp.jpg', ' Truck 1 ton ', '', '+8801728808748', 5.0),
(197, 62, '7', '5', '{\"latitude\":23.782053427494535,\"longitude\":90.42312283068895}', '{\"latitude\":23.70554807876714,\"longitude\":90.41011545807123}', '2025-02-10 10:44:19', 1174.00, '{\"outsideCity\":false}', 'bidding', NULL, NULL, '', 8620, '2025-02-10 10:44:25', '2025-02-10 10:44:25', 'uttarbadda, Dhaka 1212, ঢাকা 1212, Bangladesh', 'PC46+629, Dhaka, Bangladesh', 'Md Shamim', 'https://res.cloudinary.com/dcglyvwza/image/upload/v1734805829/rideapp/krc0dz7xpvoudmvkcfnp.jpg', 0.0, '+8801728808748', '[]', NULL, NULL, NULL, NULL, NULL, NULL),
(198, 62, '7', '5', '{\"latitude\":23.79526605884692,\"longitude\":90.4287261237225}', '{\"latitude\":23.76995763240197,\"longitude\":90.4241306707263}', '2025-02-18 10:37:39', 465.00, '{\"outsideCity\":false}', 'bidding', NULL, NULL, '', 1409, '2025-02-10 10:56:43', '2025-02-10 10:56:43', 'ORNATE HOUSE,1181 NURERCHALA MAN ROAD Dhaka, Dhaka 1212, Bangladesh', 'QC9F+XMC, Bir Uttam Rafiqul Islam Ave, Dhaka 1212, Bangladesh', 'Md Shamim', 'https://res.cloudinary.com/dcglyvwza/image/upload/v1734805829/rideapp/krc0dz7xpvoudmvkcfnp.jpg', 0.0, '+8801728808748', '[{\"rideRequestId\":198,\"riderId\":62,\"bidAmount\":478.95,\"profilePic\":\"https://res.cloudinary.com/dcglyvwza/image/upload/v1734805829/rideapp/krc0dz7xpvoudmvkcfnp.jpg\",\"rating\":null,\"name\":\"Md Shamim\",\"vehicle\":\" Truck 1 ton \",\"vehicleNumber\":\"\",\"number\":\"+8801728808748\",\"fcmToken\":\"\",\"status\":\"pending\"}]', NULL, NULL, NULL, NULL, NULL, NULL),
(199, 62, '7', '5', '{\"latitude\":23.79526605884692,\"longitude\":90.4287261237225}', '{\"latitude\":23.79526605884692,\"longitude\":90.4287261237225}', '2025-02-10 11:10:32', 500.00, '{\"outsideCity\":false}', 'bidding', NULL, NULL, '', 7943, '2025-02-10 11:10:58', '2025-02-10 11:10:58', 'ORNATE HOUSE,1181 NURERCHALA MAN ROAD Dhaka, Dhaka 1212, Bangladesh', 'ORNATE HOUSE,1181 NURERCHALA MAN ROAD Dhaka, Dhaka 1212, Bangladesh', 'Md Shamim', 'https://res.cloudinary.com/dcglyvwza/image/upload/v1734805829/rideapp/krc0dz7xpvoudmvkcfnp.jpg', 0.0, '+8801728808748', '[]', NULL, NULL, NULL, NULL, NULL, NULL),
(200, 62, '7', '5', '{\"latitude\":23.80066144358559,\"longitude\":90.42615238577127}', '{\"latitude\":23.7947536756564,\"longitude\":90.41430842131376}', '2025-02-10 13:24:35', 224.54, '{\"outsideCity\":false}', 'ride_placed', 62, '', '', 2570, '2025-02-10 13:22:27', '2025-02-10 13:22:27', '712 Hazi Shonamia Masjid Rd, Dhaka 1212, Bangladesh', 'QCV7+WP3, Dhaka 1212, Bangladesh', 'Md Shamim', 'https://res.cloudinary.com/dcglyvwza/image/upload/v1734805829/rideapp/krc0dz7xpvoudmvkcfnp.jpg', 0.0, '+8801728808748', '[{\"rideRequestId\":200,\"riderId\":62,\"bidAmount\":224.54,\"profilePic\":\"https://res.cloudinary.com/dcglyvwza/image/upload/v1734805829/rideapp/krc0dz7xpvoudmvkcfnp.jpg\",\"rating\":null,\"name\":\"Md Shamim\",\"vehicle\":\" Truck 1 ton \",\"vehicleNumber\":\"\",\"number\":\"+8801728808748\",\"fcmToken\":\"\",\"status\":\"pending\"}]', 'Md Shamim', 'https://res.cloudinary.com/dcglyvwza/image/upload/v1734805829/rideapp/krc0dz7xpvoudmvkcfnp.jpg', ' Truck 1 ton ', '', '+8801728808748', 5.0),
(201, 62, '7', '5', '{\"latitude\":23.782043302879703,\"longitude\":90.42312283068895}', '{\"latitude\":23.80066144358559,\"longitude\":90.42615238577127}', '2025-02-18 10:52:01', 346.08, '{\"outsideCity\":false}', 'ride_placed', 62, '', '', 5102, '2025-02-18 10:23:36', '2025-02-18 10:23:36', 'QCJF+R65, Dhaka 1212, Bangladesh', '712 Hazi Shonamia Masjid Rd, Dhaka 1212, Bangladesh', 'Md Shamim', 'https://res.cloudinary.com/dcglyvwza/image/upload/v1734805829/rideapp/krc0dz7xpvoudmvkcfnp.jpg', 0.0, '+8801728808748', '[{\"rideRequestId\":201,\"riderId\":62,\"bidAmount\":346.08,\"profilePic\":\"https://res.cloudinary.com/dcglyvwza/image/upload/v1734805829/rideapp/krc0dz7xpvoudmvkcfnp.jpg\",\"rating\":null,\"name\":\"Md Shamim\",\"vehicle\":\" Truck 1 ton \",\"vehicleNumber\":\"\",\"number\":\"+8801728808748\",\"fcmToken\":\"\",\"status\":\"pending\"}]', 'Md Shamim', 'https://res.cloudinary.com/dcglyvwza/image/upload/v1734805829/rideapp/krc0dz7xpvoudmvkcfnp.jpg', ' Truck 1 ton ', '', '+8801728808748', 5.0),
(202, 62, '7', '5', '{\"latitude\":23.782043302879703,\"longitude\":90.42312283068895}', '{\"latitude\":23.768092368858643,\"longitude\":90.42320732027292}', '2025-02-18 10:34:00', 406.00, '{\"outsideCity\":false}', 'bidding', NULL, NULL, '', 1977, '2025-02-18 10:34:06', '2025-02-18 10:34:06', 'QCJF+R65, Dhaka 1212, Bangladesh', 'QC9F+67P, Rampura Bridge, Dhaka 1212, Bangladesh', 'Md Shamim', 'https://res.cloudinary.com/dcglyvwza/image/upload/v1734805829/rideapp/krc0dz7xpvoudmvkcfnp.jpg', 0.0, '+8801728808748', '[]', NULL, NULL, NULL, NULL, NULL, NULL),
(287, 62, '7', '5', '{\"latitude\":23.782043302879703,\"longitude\":90.42312283068895}', '{\"latitude\":23.7947536756564,\"longitude\":90.41430842131376}', '2025-02-18 10:46:13', 1252.48, '{\"labourRequired\":true,\"labourNeed\":1,\"outsideCity\":false}', 'ride_placed', 62, '', '', 5132, '2025-02-18 10:44:48', '2025-02-18 10:44:48', 'QCJF+R65, Dhaka 1212, Bangladesh', 'QCV7+WP3, Dhaka 1212, Bangladesh', 'Md Shamim', 'https://res.cloudinary.com/dcglyvwza/image/upload/v1734805829/rideapp/krc0dz7xpvoudmvkcfnp.jpg', 0.0, '+8801728808748', '[{\"rideRequestId\":287,\"riderId\":62,\"bidAmount\":1252.48,\"profilePic\":\"https://res.cloudinary.com/dcglyvwza/image/upload/v1734805829/rideapp/krc0dz7xpvoudmvkcfnp.jpg\",\"rating\":null,\"name\":\"Md Shamim\",\"vehicle\":\" Truck 1 ton \",\"vehicleNumber\":\"\",\"number\":\"+8801728808748\",\"fcmToken\":\"\",\"status\":\"pending\"}]', 'Md Shamim', 'https://res.cloudinary.com/dcglyvwza/image/upload/v1734805829/rideapp/krc0dz7xpvoudmvkcfnp.jpg', ' Truck 1 ton ', '', '+8801728808748', 5.0),
(288, 0, '7', '5', '{\"latitude\":23.782043302879703,\"longitude\":90.42312283068895}', '{\"latitude\":23.80066144358559,\"longitude\":90.42615238577127}', '2025-02-18 11:32:13', 1448.18, '{\"outsideCity\":false}', 'ride_placed', 62, '', '', 4015, '2025-02-18 11:31:48', '2025-02-18 11:31:48', 'QCJF+R65, Dhaka 1212, Bangladesh', '712 Hazi Shonamia Masjid Rd, Dhaka 1212, Bangladesh', 'test user', 'https://res.cloudinary.com/dcglyvwza/image/upload/v1739878043/rideapp/xaz6qfybivl3zrejbw6l.jpg', 0.0, '+8801518792637', '[{\"rideRequestId\":288,\"riderId\":62,\"bidAmount\":1448.18,\"profilePic\":\"https://res.cloudinary.com/dcglyvwza/image/upload/v1734805829/rideapp/krc0dz7xpvoudmvkcfnp.jpg\",\"rating\":null,\"name\":\"Md Shamim\",\"vehicle\":\" Truck 1 ton \",\"vehicleNumber\":\"\",\"number\":\"+8801728808748\",\"fcmToken\":\"\",\"status\":\"pending\"}]', 'Md Shamim', 'https://res.cloudinary.com/dcglyvwza/image/upload/v1734805829/rideapp/krc0dz7xpvoudmvkcfnp.jpg', ' Truck 1 ton ', '', '+8801728808748', 5.0),
(289, 65, '7', '5', '{\"latitude\":23.782043302879703,\"longitude\":90.42312283068895}', '{\"latitude\":23.777757145126607,\"longitude\":90.40574077516794}', '2025-02-18 11:39:45', 233.81, '{\"outsideCity\":false}', 'ride_completed', 62, '', '', 5898, '2025-02-18 11:38:22', '2025-02-18 11:38:22', 'QCJF+R65, Dhaka 1212, Bangladesh', 'QCH4+475, Dhaka 1212, Bangladesh', 'test user', 'https://res.cloudinary.com/dcglyvwza/image/upload/v1739878043/rideapp/xaz6qfybivl3zrejbw6l.jpg', 0.0, '+8801518792637', '[{\"rideRequestId\":289,\"riderId\":62,\"bidAmount\":233.81,\"profilePic\":\"https://res.cloudinary.com/dcglyvwza/image/upload/v1734805829/rideapp/krc0dz7xpvoudmvkcfnp.jpg\",\"rating\":null,\"name\":\"Md Shamim\",\"vehicle\":\" Truck 1 ton \",\"vehicleNumber\":\"\",\"number\":\"+8801728808748\",\"fcmToken\":\"\",\"status\":\"pending\"}]', 'Md Shamim', 'https://res.cloudinary.com/dcglyvwza/image/upload/v1734805829/rideapp/krc0dz7xpvoudmvkcfnp.jpg', ' Truck 1 ton ', '', '+8801728808748', 5.0),
(290, 65, '7', '5', '{\"latitude\":23.782043302879703,\"longitude\":90.42312283068895}', '{\"latitude\":23.738205231836357,\"longitude\":90.40721666067839}', '2025-02-18 11:48:49', 1648.00, '{\"labourRequired\":true,\"labourNeed\":1,\"outsideCity\":false}', 'ride_completed', 62, '', '', 5812, '2025-02-18 11:45:57', '2025-02-18 11:45:57', 'QCJF+R65, Dhaka 1212, Bangladesh', '69, VIP road, 1 VIP Rd, Dhaka 1205, Bangladesh', 'test user', 'https://res.cloudinary.com/dcglyvwza/image/upload/v1739878043/rideapp/xaz6qfybivl3zrejbw6l.jpg', 0.0, '+8801518792637', '[{\"rideRequestId\":290,\"riderId\":62,\"bidAmount\":1648,\"profilePic\":\"https://res.cloudinary.com/dcglyvwza/image/upload/v1734805829/rideapp/krc0dz7xpvoudmvkcfnp.jpg\",\"rating\":null,\"name\":\"Md Shamim\",\"vehicle\":\" Truck 1 ton \",\"vehicleNumber\":\"\",\"number\":\"+8801728808748\",\"fcmToken\":\"\",\"status\":\"pending\"}]', 'Md Shamim', 'https://res.cloudinary.com/dcglyvwza/image/upload/v1734805829/rideapp/krc0dz7xpvoudmvkcfnp.jpg', ' Truck 1 ton ', '', '+8801728808748', 5.0),
(291, 62, '7', '5', '{\"latitude\":23.79526605884692,\"longitude\":90.4287261237225}', '{\"latitude\":23.990518072704447,\"longitude\":90.38771834224463}', '2025-02-22 17:18:14', 2517.00, '{\"outsideCity\":false}', 'bidding', NULL, NULL, '', 8944, '2025-02-22 17:18:20', '2025-02-22 17:18:20', 'ORNATE HOUSE,1181 NURERCHALA MAN ROAD Dhaka, Dhaka 1212, Bangladesh', 'X9RQ+634, Gazipur, Bangladesh', 'Md Shamim', 'https://res.cloudinary.com/dcglyvwza/image/upload/v1734805829/rideapp/krc0dz7xpvoudmvkcfnp.jpg', 0.0, '+8801728808748', '[]', NULL, NULL, NULL, NULL, NULL, NULL);

-- --------------------------------------------------------

--
-- Table structure for table `services`
--

CREATE TABLE `services` (
  `id` int(11) NOT NULL,
  `name` varchar(255) NOT NULL,
  `description` text DEFAULT NULL,
  `type` varchar(100) NOT NULL,
  `imageUrl` varchar(512) DEFAULT NULL,
  `created_at` timestamp NULL DEFAULT current_timestamp(),
  `updated_at` timestamp NULL DEFAULT current_timestamp() ON UPDATE current_timestamp()
) ENGINE=InnoDB DEFAULT CHARSET=utf8 COLLATE=utf8_general_ci;

--
-- Dumping data for table `services`
--

INSERT INTO `services` (`id`, `name`, `description`, `type`, `imageUrl`, `created_at`, `updated_at`) VALUES
(7, 'CoolTruck', '', 'rental', 'https://res.cloudinary.com/dcglyvwza/image/upload/v1732506930/services/truck_lcqbyx.png', '2024-11-24 20:00:08', '2024-12-19 13:15:46'),
(8, 'Bike', '', 'rental', 'https://res.cloudinary.com/dcglyvwza/image/upload/v1732506932/services/motorcycle_atsd1b.png', '2024-11-24 20:00:53', '2024-11-24 20:00:54'),
(9, 'Cargo van', '', 'rental', 'https://res.cloudinary.com/dcglyvwza/image/upload/v1732506937/services/delivery-van_jms1tr.png', '2024-11-24 20:01:25', '2024-11-24 20:01:27'),
(14, 'Test', NULL, 'share-ride', 'https://transport.myway66.com/transport/public/uploads/1735029851.png', '2024-12-24 08:44:12', '2024-12-24 08:44:12');

-- --------------------------------------------------------

--
-- Table structure for table `service_vehicles`
--

CREATE TABLE `service_vehicles` (
  `id` int(11) NOT NULL,
  `serviceId` int(11) NOT NULL,
  `vehicleTypeId` int(11) DEFAULT NULL,
  `name` varchar(255) NOT NULL,
  `perKm` float NOT NULL,
  `enabled` tinyint(1) NOT NULL DEFAULT 1,
  `capacity` int(11) NOT NULL,
  `outsideCity` tinyint(1) NOT NULL DEFAULT 0,
  `vehicleTypeName` varchar(255) DEFAULT NULL,
  `description` varchar(255) DEFAULT NULL,
  `image` varchar(512) DEFAULT NULL,
  `extraOptions` longtext CHARACTER SET utf8mb4 COLLATE utf8mb4_bin DEFAULT NULL CHECK (json_valid(`extraOptions`)),
  `labourAvailable` tinyint(1) DEFAULT 0
) ENGINE=InnoDB DEFAULT CHARSET=utf8 COLLATE=utf8_general_ci;

--
-- Dumping data for table `service_vehicles`
--

INSERT INTO `service_vehicles` (`id`, `serviceId`, `vehicleTypeId`, `name`, `perKm`, `enabled`, `capacity`, `outsideCity`, `vehicleTypeName`, `description`, `image`, `extraOptions`, `labourAvailable`) VALUES
(7, 7, 5, 'Truck 1ton', 100, 1, 1, 1, ' Truck 1 ton', 'Truck with capacity 1 ton', 'https://res.cloudinary.com/dcglyvwza/image/upload/v1732506930/services/truck_lcqbyx.png', '{\"capacity\": \"1 ton\", \"features\": [\"Air Condition\", \"comfortable\", \"Fast\"]}', 1),
(8, 7, 6, 'Truck 2Ton', 100, 1, 2, 1, ' Truck 2 ton', 'Truck with capacity 2 ton', 'https://res.cloudinary.com/dcglyvwza/image/upload/v1732506930/services/truck_lcqbyx.png', '{\"capacity\": \"2 ton\", \"features\": [\"Air Condition\", \"comfortable\", \"Fast\"]}', 1),
(9, 7, 7, 'Truck 3 Ton', 100, 1, 3, 1, ' Truck 3 ton', 'Truck with capacity 3 ton', 'https://res.cloudinary.com/dcglyvwza/image/upload/v1732506930/services/truck_lcqbyx.png', '{\"capacity\": \"3 ton\", \"features\": [\"Air Condition\", \"comfortable\", \"Fast\"]}', 1),
(10, 8, 8, 'Bike Upto 10kg', 100, 1, 10, 1, ' Bike Upto 10kg', 'Bike with 10kg capacity', 'https://res.cloudinary.com/dcglyvwza/image/upload/v1732506932/services/motorcycle_atsd1b.png', '{\"capacity\": \"10kg capacity\", \"features\": [\"Air Condition\", \"comfortable\", \"Fast\"]}', 1),
(11, 8, 9, 'Bike Upto 20kg', 100, 1, 20, 1, ' Bike Upto 20kg', 'Bike with 20kg capacity', 'https://res.cloudinary.com/dcglyvwza/image/upload/v1732506932/services/motorcycle_atsd1b.png', '{\"capacity\": \"20kg capacity\", \"features\": [\"Air Condition\", \"comfortable\", \"Fast\"]}', 1),
(12, 9, 10, 'Cargo Van 1 ton', 100, 1, 1, 1, 'Cargo Van 1 ton', 'Cargo van with 1 ton capacity', 'https://res.cloudinary.com/dcglyvwza/image/upload/v1732506937/services/delivery-van_jms1tr.png', '{\"capacity\": \"1ton capacity\", \"features\": [\"Air Condition\", \"comfortable\", \"Fast\"]}', 1),
(13, 9, 11, 'Cargo Van 2 ton', 100, 1, 2, 1, 'Cargo Van 2 ton', 'Cargo van with 2 ton capacity', 'https://res.cloudinary.com/dcglyvwza/image/upload/v1732506937/services/delivery-van_jms1tr.png', '{\"capacity\": \"2ton capacity\", \"features\": [\"Air Condition\", \"comfortable\", \"Fast\"]}', 1),
(14, 9, 12, 'Cargo Van 3 ton', 100, 1, 3, 1, 'Cargo Van 3 ton', 'Cargo van with 3 ton capacity', 'https://res.cloudinary.com/dcglyvwza/image/upload/v1732506937/services/delivery-van_jms1tr.png', '{\"capacity\": \"3ton capacity\", \"features\": [\"Air Condition\", \"comfortable\", \"Fast\"]}', 1),
(18, 8, 7, 'Buss', 50, 1, 5, 1, ' Truck 3 ton', 'Truck with capacity 3 ton', 'https://res.cloudinary.com/dcglyvwza/image/upload/v1732506930/services/truck_lcqbyx.png', '{\"capacity\": \"3 ton\", \"features\": [\"Air Condition\", \"comfortable\", \"Fast\"]}', 0),
(19, 8, 12, 'Buss', 50, 1, 5, 1, 'Cargo Van 3 ton', 'Cargo van with 3 ton capacity', 'https://res.cloudinary.com/dcglyvwza/image/upload/v1732506937/services/delivery-van_jms1tr.png', '{\"capacity\": \"3ton capacity\", \"features\": [\"Air Condition\", \"comfortable\", \"Fast\"]}', 0);

-- --------------------------------------------------------

--
-- Table structure for table `settings`
--

CREATE TABLE `settings` (
  `id` int(11) NOT NULL,
  `commission` int(11) DEFAULT NULL,
  `referral_commission` int(11) DEFAULT NULL,
  `service_charge` int(11) DEFAULT NULL,
  `createdAt` datetime NOT NULL DEFAULT current_timestamp(),
  `updatedAt` datetime NOT NULL DEFAULT current_timestamp() ON UPDATE current_timestamp(),
  `approveNeed` tinyint(1) NOT NULL DEFAULT 0
) ENGINE=InnoDB DEFAULT CHARSET=utf8 COLLATE=utf8_general_ci;

--
-- Dumping data for table `settings`
--

INSERT INTO `settings` (`id`, `commission`, `referral_commission`, `service_charge`, `createdAt`, `updatedAt`, `approveNeed`) VALUES
(1, 4, 4, 3, '2024-11-18 06:21:01', '2024-12-26 12:33:23', 0);

-- --------------------------------------------------------

--
-- Table structure for table `top_up_requests`
--

CREATE TABLE `top_up_requests` (
  `id` int(11) NOT NULL,
  `user_id` int(11) NOT NULL,
  `amount` decimal(10,2) NOT NULL,
  `transaction_id` varchar(255) NOT NULL,
  `method` varchar(50) NOT NULL,
  `status` enum('pending','completed','rejected') DEFAULT 'pending',
  `created_at` timestamp NULL DEFAULT current_timestamp(),
  `image` text DEFAULT NULL
) ENGINE=InnoDB DEFAULT CHARSET=utf8 COLLATE=utf8_general_ci;

--
-- Dumping data for table `top_up_requests`
--

INSERT INTO `top_up_requests` (`id`, `user_id`, `amount`, `transaction_id`, `method`, `status`, `created_at`, `image`) VALUES
(1, 15, 500.00, 'TXN12345678', 'bank', 'completed', '2024-12-19 05:44:08', 'https://mir-s3-cdn-cf.behance.net/projects/404/f26ade67209831.Y3JvcCwyNDgwLDE5MzksMCww.jpg'),
(2, 15, 500.00, 'TXN12345678', 'bank', 'completed', '2024-12-19 05:45:09', 'https://mir-s3-cdn-cf.behance.net/projects/404/f26ade67209831.Y3JvcCwyNDgwLDE5MzksMCww.jpg'),
(3, 15, 500.00, 'TXN12345678', 'bank', 'completed', '2024-12-19 06:29:58', 'https://mir-s3-cdn-cf.behance.net/projects/404/f26ade67209831.Y3JvcCwyNDgwLDE5MzksMCww.jpg'),
(4, 15, 500.00, 'TXN12345678', 'bank', 'completed', '2024-12-19 06:30:00', 'https://mir-s3-cdn-cf.behance.net/projects/404/f26ade67209831.Y3JvcCwyNDgwLDE5MzksMCww.jpg'),
(5, 15, 500.00, 'TXN12345678', 'bank', 'completed', '2024-12-19 06:30:02', 'https://mir-s3-cdn-cf.behance.net/projects/404/f26ade67209831.Y3JvcCwyNDgwLDE5MzksMCww.jpg'),
(6, 15, 500.00, 'TXN12345678', 'bank', 'completed', '2024-12-19 06:30:28', 'https://mir-s3-cdn-cf.behance.net/projects/404/f26ade67209831.Y3JvcCwyNDgwLDE5MzksMCww.jpg'),
(7, 15, 500.00, 'TXN12345678', 'bank', 'completed', '2024-12-19 06:30:31', 'https://mir-s3-cdn-cf.behance.net/projects/404/f26ade67209831.Y3JvcCwyNDgwLDE5MzksMCww.jpg'),
(8, 15, 500.00, 'TXN12345678', 'bank', 'completed', '2024-12-19 06:30:35', 'https://mir-s3-cdn-cf.behance.net/projects/404/f26ade67209831.Y3JvcCwyNDgwLDE5MzksMCww.jpg'),
(9, 15, 500.00, 'TXN12345678', 'bank', 'pending', '2024-12-19 14:44:30', 'https://mir-s3-cdn-cf.behance.net/projects/404/f26ade67209831.Y3JvcCwyNDgwLDE5MzksMCww.jpg');

-- --------------------------------------------------------

--
-- Table structure for table `transactions`
--

CREATE TABLE `transactions` (
  `id` int(11) NOT NULL,
  `user_id` int(11) NOT NULL,
  `ride_request_id` int(11) DEFAULT NULL,
  `amount` decimal(10,2) NOT NULL,
  `payment_method` varchar(50) NOT NULL,
  `status` varchar(50) NOT NULL,
  `created_at` timestamp NOT NULL DEFAULT current_timestamp(),
  `updated_at` timestamp NOT NULL DEFAULT current_timestamp(),
  `description` text DEFAULT NULL
) ENGINE=InnoDB DEFAULT CHARSET=utf8 COLLATE=utf8_general_ci;

--
-- Dumping data for table `transactions`
--

INSERT INTO `transactions` (`id`, `user_id`, `ride_request_id`, `amount`, `payment_method`, `status`, `created_at`, `updated_at`, `description`) VALUES
(1, 15, NULL, 500.00, 'wallet', 'completed', '2024-12-19 05:47:59', '2024-12-19 05:47:59', 'Top-up request approved'),
(2, 15, NULL, 500.00, 'wallet', 'completed', '2024-12-19 06:17:18', '2024-12-19 06:17:18', 'Top-up request approved'),
(3, 15, NULL, 500.00, 'wallet', 'completed', '2024-12-19 06:31:06', '2024-12-19 06:31:06', 'Top-up request approved'),
(4, 15, NULL, 500.00, 'wallet', 'completed', '2024-12-19 06:31:24', '2024-12-19 06:31:24', 'Top-up request approved'),
(5, 15, NULL, 500.00, 'wallet', 'completed', '2024-12-19 06:39:08', '2024-12-19 06:39:08', 'Top-up request approved'),
(6, 15, NULL, 500.00, 'wallet', 'completed', '2024-12-19 06:39:35', '2024-12-19 06:39:35', 'Top-up request approved'),
(7, 15, NULL, 500.00, 'wallet', 'completed', '2024-12-20 12:30:44', '2024-12-20 12:30:44', 'Top-up request approved'),
(8, 15, NULL, 500.00, 'wallet', 'completed', '2024-12-26 12:28:14', '2024-12-26 12:28:14', 'Top-up request approved'),
(0, 1, 289, 9.08, 'wallet', 'completed', '2025-02-18 11:39:10', '2025-02-18 11:39:10', 'admin commission for ride'),
(0, 1, 289, 6.81, 'wallet', 'completed', '2025-02-18 11:39:10', '2025-02-18 11:39:10', 'service charge for ride'),
(0, 65, 289, 6.81, 'wallet', 'completed', '2025-02-18 11:39:10', '2025-02-18 11:39:10', 'paid service charge'),
(0, 62, 289, 9.08, 'wallet', 'completed', '2025-02-18 11:39:10', '2025-02-18 11:39:10', 'paid admin commission'),
(0, 62, 289, 217.92, 'cash', 'completed', '2025-02-18 11:39:10', '2025-02-18 11:39:10', 'payment for ride'),
(0, 65, 289, 227.00, 'cash', 'completed', '2025-02-18 11:39:10', '2025-02-18 11:39:10', 'paid for ride'),
(0, 1, 290, 64.00, 'wallet', 'completed', '2025-02-18 11:47:04', '2025-02-18 11:47:04', 'admin commission for ride'),
(0, 1, 290, 48.00, 'wallet', 'completed', '2025-02-18 11:47:04', '2025-02-18 11:47:04', 'service charge for ride'),
(0, 65, 290, 48.00, 'wallet', 'completed', '2025-02-18 11:47:04', '2025-02-18 11:47:04', 'paid service charge'),
(0, 62, 290, 64.00, 'wallet', 'completed', '2025-02-18 11:47:04', '2025-02-18 11:47:04', 'paid admin commission'),
(0, 62, 290, 1536.00, 'cash', 'completed', '2025-02-18 11:47:04', '2025-02-18 11:47:04', 'payment for ride'),
(0, 65, 290, 1600.00, 'cash', 'completed', '2025-02-18 11:47:04', '2025-02-18 11:47:04', 'paid for ride');

-- --------------------------------------------------------

--
-- Table structure for table `users`
--

CREATE TABLE `users` (
  `user_id` int(11) NOT NULL,
  `email` varchar(255) DEFAULT NULL,
  `phone_number` varchar(20) DEFAULT NULL,
  `password_hash` varchar(255) DEFAULT NULL,
  `name` varchar(255) DEFAULT NULL,
  `profile_picture` varchar(255) DEFAULT NULL,
  `address` text DEFAULT NULL,
  `nid_photo` varchar(255) DEFAULT NULL,
  `user_type` enum('normal','driver','admin') DEFAULT 'normal',
  `is_verified` tinyint(1) DEFAULT 0,
  `push_token` varchar(255) DEFAULT NULL,
  `referral_code` varchar(255) DEFAULT NULL,
  `wallet_balance` decimal(10,2) DEFAULT 0.00,
  `gender` enum('Male','Female') DEFAULT 'Male',
  `otp` varchar(6) DEFAULT NULL,
  `otp_expires_at` timestamp NULL DEFAULT current_timestamp(),
  `created_at` timestamp NOT NULL DEFAULT current_timestamp(),
  `updated_at` timestamp NOT NULL DEFAULT current_timestamp() ON UPDATE current_timestamp(),
  `rating` double DEFAULT NULL,
  `referred_by` int(11) DEFAULT NULL
) ENGINE=InnoDB DEFAULT CHARSET=utf8mb4 COLLATE=utf8mb4_general_ci;

--
-- Dumping data for table `users`
--

INSERT INTO `users` (`user_id`, `email`, `phone_number`, `password_hash`, `name`, `profile_picture`, `address`, `nid_photo`, `user_type`, `is_verified`, `push_token`, `referral_code`, `wallet_balance`, `gender`, `otp`, `otp_expires_at`, `created_at`, `updated_at`, `rating`, `referred_by`) VALUES
(1, 'admin@gmail.com', '0123456789', '$2b$10$8bbxOW7dO//eui33Aj2gduaZ2YEt7AAvwXH2vPEsHTveOFInHGnAO', 'John Doe Updated', 'https://i.pinimg.com/736x/e5/7b/98/e57b987df5b29f59db3eb669499154ee.jpg', 'New Address, City', NULL, 'admin', 1, NULL, NULL, 282.89, 'Male', NULL, '2024-11-30 03:56:36', '2024-08-28 09:45:11', '2025-02-18 11:47:04', NULL, NULL),
(10, NULL, '+8801618938920', NULL, 'John Doe Updated', 'https://maxlay.pk/ridesharing/images.png', 'New Address, City', 'https://maxlay.pk/ridesharing/1722858070607.jpg', 'normal', 1, NULL, NULL, 0.00, 'Male', NULL, '2024-09-11 12:11:35', '2024-08-24 08:36:00', '2024-09-11 12:11:35', NULL, NULL),
(14, NULL, '+8801552471151', NULL, 'Md Kala manik', 'https://res.cloudinary.com/dcglyvwza/image/upload/v1733666744/rideapp/q1wywqrthoidipkavhlb.jpg', 'dhaa, Bangladesh ', 'https://res.cloudinary.com/dcglyvwza/image/upload/v1733938603/rideapp/mjwlxbaodfwgasq4fa77.jpg', 'normal', 0, NULL, NULL, 300.00, 'Male', NULL, NULL, '2024-08-25 09:56:02', '2024-12-21 18:28:33', NULL, NULL),
(15, NULL, '01618938920', NULL, 'Shihab Uddin ROky', 'https://lh3.googleusercontent.com/a/ACg8ocLzeLkFXBD6AtqP5ww0qQHwIRUOhwAMMUFReekK7dSl54hcaw=s96-c', '123 Main St, City, Country', 'http://example.com/nid.jpg', 'normal', 0, 'example_push_token', NULL, 4050.00, 'Male', '8284', '2024-12-19 15:42:33', '2024-08-26 11:33:01', '2024-12-26 12:28:14', NULL, 60),
(16, 'user@example.com', NULL, NULL, 'John Doe', 'https://lh3.googleusercontent.com/a/ACg8ocLzeLkFXBD6AtqP5ww0qQHwIRUOhwAMMUFReekK7dSl54hcaw=s96-c', NULL, NULL, 'normal', 0, NULL, NULL, 0.00, 'Male', NULL, '2024-12-04 12:00:01', '2024-08-30 19:23:18', '2024-12-04 12:00:01', NULL, 26),
(17, 'msr79526@gmail.com', '01552471151', NULL, 'SR Official', 'https://lh3.googleusercontent.com/a/ACg8ocL0hdipOT7SHDqcUCm--3lgkvRYNqbhpameEcuKakPYIQCQ4Jl3=s96-c', 'dhaka, Bangladesh', 'https://res.cloudinary.com/dcglyvwza/image/upload/v1733978807/rideapp/wnecgqaggndknrdjzmqj.jpg', 'normal', 0, NULL, NULL, 275.00, 'Male', NULL, NULL, '2024-08-31 14:53:39', '2024-12-19 15:51:32', 5, 26),
(18, 'thaminajannatsadiya@gmail.com', '1552161616', NULL, 'Sumaya', 'https://lh3.googleusercontent.com/a/ACg8ocIz6BIEACeFZmjZxaQB5btJ2yQmvtRxiurb2uVnGYSkEd4B90o=s96-c', 'Dhaka Bangladesh', 'https://maxlay.pk/ridesharing/Screenshot_2024-08-27-18-13-22-84.jpg', 'normal', 0, NULL, NULL, 0.00, 'Male', NULL, '2024-12-07 13:57:15', '2024-08-31 18:28:31', '2024-12-07 13:57:15', NULL, NULL),
(19, NULL, '+8801571372229', NULL, 'Sumaya', 'https://lh3.googleusercontent.com/a/ACg8ocLzeLkFXBD6AtqP5ww0qQHwIRUOhwAMMUFReekK7dSl54hcaw=s96-c', 'Dhaka Bangladesh', NULL, 'normal', 0, NULL, NULL, 0.00, 'Male', '2104', '2024-12-07 14:00:55', '2024-08-31 18:29:01', '2024-12-20 12:32:57', NULL, NULL),
(20, NULL, '+88001571372229', NULL, NULL, 'https://lh3.googleusercontent.com/a/ACg8ocLzeLkFXBD6AtqP5ww0qQHwIRUOhwAMMUFReekK7dSl54hcaw=s96-c', NULL, NULL, 'normal', 1, NULL, NULL, 0.00, 'Male', '1185', '2024-12-07 14:00:46', '2024-08-31 19:50:38', '2024-12-07 14:00:46', NULL, NULL),
(21, NULL, '+923004491582', NULL, NULL, 'https://lh3.googleusercontent.com/a/ACg8ocLzeLkFXBD6AtqP5ww0qQHwIRUOhwAMMUFReekK7dSl54hcaw=s96-c', NULL, NULL, 'normal', 0, NULL, NULL, 0.00, 'Male', '4376', '2024-12-04 12:00:01', '2024-08-31 21:11:09', '2024-12-04 12:00:01', NULL, NULL),
(22, 'mbf110@gmail.com', '03004491583', NULL, 'MBF Max Bright Future', 'https://lh3.googleusercontent.com/a/ACg8ocLyWI7xZBTI2HSO55wMYgSNxX_-LnXeDszjz6ox5kxbZyu8FQ0c=s96-c', 'adtygv', 'https://maxlay.pk/ridesharing/1000533556.jpg', 'normal', 0, NULL, NULL, 0.00, 'Male', NULL, '2024-08-31 21:12:19', '2024-08-31 21:11:26', '2024-08-31 21:12:19', NULL, NULL),
(23, '2215151014@uits.edu.bd', '017383883', NULL, 'Noor- A- Alam', 'https://lh3.googleusercontent.com/a/ACg8ocIqouL80cVS6b1zXWm_XyZIA92b9NA_FHU3Ug3CDHEEl6CCLkSM=s96-c', 'nurer chala', 'https://maxlay.pk/ridesharing/IMG_20240826_143406.jpg', 'normal', 0, NULL, NULL, 0.00, 'Male', NULL, '2024-09-04 02:53:06', '2024-09-02 13:39:54', '2024-09-04 02:53:06', NULL, NULL),
(24, NULL, '+8801709117776', NULL, NULL, 'https://lh3.googleusercontent.com/a/ACg8ocLzeLkFXBD6AtqP5ww0qQHwIRUOhwAMMUFReekK7dSl54hcaw=s96-c', NULL, NULL, 'normal', 0, NULL, NULL, 0.00, 'Male', NULL, '2024-12-04 12:00:01', '2024-09-02 13:40:13', '2024-12-04 12:00:01', NULL, NULL),
(25, 'noorsomrat2000@gmail.com', '0192393993', NULL, 'Noor A Alam', 'https://lh3.googleusercontent.com/a/ACg8ocLdVTAJWLvVnT_GK7flKuQeFovAsLC8JawXDDDI3cwlj-gXJBUo=s96-c', 'dhaka', 'https://res.cloudinary.com/dcglyvwza/image/upload/v1733720817/rideapp/szzpuquoq1j4pmvohchu.jpg', 'normal', 0, NULL, NULL, 230.00, 'Male', NULL, '2024-12-09 05:07:00', '2024-09-02 13:55:22', '2024-12-09 05:07:00', NULL, NULL),
(26, 'bdkoder360@gmail.com', '929299299', NULL, 'Md. SHihab Uddin Roky', 'https://lh3.googleusercontent.com/a/ACg8ocLMsoOFCdeEYV3YUQ3gz78W0VD8TXBH-jU4-niGCAfOoYt9p4HF=s96-c', 'dhaka', 'https://encrypted-tbn0.gstatic.com/images?q=tbn:ANd9GcRdupAwu1dE3vTciHAVy2O-GoNErhlB5m5R6w&s', 'normal', 0, NULL, NULL, 100.00, 'Male', NULL, '2024-12-06 15:41:13', '2024-09-02 15:56:09', '2024-12-06 15:41:13', NULL, NULL),
(27, NULL, '+8801819385928', NULL, NULL, 'https://lh3.googleusercontent.com/a/ACg8ocLzeLkFXBD6AtqP5ww0qQHwIRUOhwAMMUFReekK7dSl54hcaw=s96-c', NULL, NULL, 'normal', 0, NULL, NULL, 0.00, 'Male', '7398', '2024-12-04 12:00:00', '2024-09-03 15:58:31', '2024-12-04 12:00:00', NULL, NULL),
(28, NULL, '+8801819385938', NULL, 'Muhammed ', 'https://lh3.googleusercontent.com/a/ACg8ocLzeLkFXBD6AtqP5ww0qQHwIRUOhwAMMUFReekK7dSl54hcaw=s96-c', 'golam Ali Nazir Bari ', 'https://maxlay.pk/ridesharing/1000164377.jpg', 'normal', 0, NULL, NULL, 0.00, 'Male', NULL, '2024-12-04 12:00:00', '2024-09-03 15:59:33', '2024-12-04 12:00:00', NULL, NULL),
(29, 'md.arif79624@gmail.com', '012345678910', NULL, 'Md. Arif Khan', 'https://lh3.googleusercontent.com/a/ACg8ocI2-QTsTOX-xp70akJ5a5IDVEx11SwkxE7qOh5yNOwMP2uGqf3w=s96-c', 'dhaka notun bazar', 'https://maxlay.pk/ridesharing/1000002427.jpg', 'normal', 0, NULL, NULL, 0.00, 'Male', NULL, '2024-09-04 16:10:57', '2024-09-04 16:07:45', '2024-09-04 16:10:57', NULL, NULL),
(30, NULL, '+88022345', NULL, NULL, 'https://lh3.googleusercontent.com/a/ACg8ocLzeLkFXBD6AtqP5ww0qQHwIRUOhwAMMUFReekK7dSl54hcaw=s96-c', NULL, NULL, 'normal', 0, NULL, NULL, 0.00, 'Male', '7430', '2024-12-04 12:00:00', '2024-10-26 16:56:06', '2024-12-04 12:00:00', 0, NULL),
(31, '2215151052@uits.edu.bd', NULL, NULL, 'Md. Arif Khan', 'https://lh3.googleusercontent.com/a/ACg8ocLpqebuQoJrY6-imwAfjHPzJ5cose1wfy-qhjPxvB1GT0tzH_E=s96-c', NULL, NULL, 'normal', 0, NULL, NULL, 0.00, 'Male', NULL, '2024-11-22 16:03:11', '2024-11-22 16:03:11', '2024-11-22 16:03:11', 0, NULL),
(32, 'muhammedrakibulhasan@gmail.com', '01777553989', NULL, 'Muhammed Rakibul Hasan', 'https://lh3.googleusercontent.com/a/ACg8ocLhf9ThvQNWBFYi1uXVdQROqN26Vb8LwhZD6TL_Tqmcnaz5-C88=s96-c', 'dhaka', 'https://res.cloudinary.com/dcglyvwza/image/upload/v1732985909/rideapp/xsi1rv34htttpbsmaylt.jpg', 'normal', 0, NULL, NULL, 5000.00, 'Male', NULL, '2024-11-30 17:57:09', '2024-11-30 16:30:01', '2024-11-30 17:57:09', 0, NULL),
(33, NULL, '+8801304891248', NULL, 'hdhssh', 'https://res.cloudinary.com/dcglyvwza/image/upload/v1732991107/rideapp/mrsfz6zq16skqhhd4jjg.png', 'dhaka', 'https://res.cloudinary.com/dcglyvwza/image/upload/v1732991098/rideapp/twgj5zsda3bzn8idv8jv.png', 'normal', 0, NULL, NULL, 0.00, 'Male', NULL, '2024-11-30 18:25:10', '2024-11-30 18:22:49', '2024-11-30 18:25:10', 0, NULL),
(34, NULL, '+88001745500555', NULL, NULL, 'https://lh3.googleusercontent.com/a/ACg8ocLzeLkFXBD6AtqP5ww0qQHwIRUOhwAMMUFReekK7dSl54hcaw=s96-c', NULL, NULL, 'normal', 0, NULL, NULL, 0.00, 'Male', '3628', '2024-12-04 12:00:00', '2024-11-30 18:39:58', '2024-12-04 12:00:00', 0, NULL),
(35, NULL, '+8801745500555', NULL, 'Tokhon', 'https://res.cloudinary.com/dcglyvwza/image/upload/v1732992090/rideapp/sh7qlkspqu7sutfyqtik.jpg', 'Gobindaganj, Gaibandha', 'https://res.cloudinary.com/dcglyvwza/image/upload/v1732992083/rideapp/jqvy8tz0wzna44ruafcn.jpg', 'normal', 0, NULL, NULL, 0.00, 'Male', NULL, NULL, '2024-11-30 18:40:26', '2024-12-25 04:03:38', 0, NULL),
(36, NULL, '+8801777553989', NULL, 'hcjchcc', 'https://res.cloudinary.com/dcglyvwza/image/upload/v1733888838/rideapp/remnoz4rseltslqodjjr.jpg', 'gob', 'https://res.cloudinary.com/dcglyvwza/image/upload/v1733888857/rideapp/ubyfybdt3tcawxjklb3l.jpg', 'normal', 0, NULL, NULL, 0.00, 'Male', NULL, '0000-00-00 00:00:00', '2024-12-01 05:26:21', '2024-12-12 11:08:07', 0, NULL),
(37, 'tokhon24@gmail.com', '01745500555', NULL, 'MD NAZMUL HOSSAIN', 'https://lh3.googleusercontent.com/a/ACg8ocKJ-R4eiPWdslzXmu9iKGxcxBzThFLlUogKrsq4ZAc0HqDK1g=s96-c', 'Gobindaganj, Gaibandha', 'https://res.cloudinary.com/dcglyvwza/image/upload/v1733031691/rideapp/qhruvyj1wwwkhkfv3vui.png', 'normal', 0, NULL, NULL, 0.00, 'Male', NULL, '2024-12-12 10:34:27', '2024-12-01 05:39:42', '2024-12-12 10:34:27', 0, NULL),
(38, 'carpool202@gmail.com', '03432336680', NULL, 'carpool', 'https://lh3.googleusercontent.com/a/ACg8ocLzeLkFXBD6AtqP5ww0qQHwIRUOhwAMMUFReekK7dSl54hcaw=s96-c', 'soan Garden ', 'https://res.cloudinary.com/dcglyvwza/image/upload/v1733077678/rideapp/c8wg0cjslzfz2a1nhecu.jpg', 'normal', 0, NULL, NULL, 0.00, 'Male', NULL, '2024-12-01 18:28:07', '2024-12-01 18:27:01', '2024-12-01 18:28:07', 0, NULL),
(39, 'emilyray.63251@gmail.com', NULL, NULL, 'Emily Ray', 'https://lh3.googleusercontent.com/a/ACg8ocJq8Q86dogGIIhIFIAoUPAFm_j6Ve7rdp2stCSkzlKJTejkgA=s96-c', NULL, NULL, 'normal', 0, NULL, NULL, 0.00, 'Male', NULL, '2024-12-10 16:40:30', '2024-12-10 16:40:30', '2024-12-10 16:40:30', 0, NULL),
(40, 'rudolphsantiago.76310@gmail.com', NULL, NULL, 'Rudolph Santiago', 'https://lh3.googleusercontent.com/a/ACg8ocKLR5qMZE8htlIT395aj3fJMd-2onSqlWyz5sd63hElcvY0-g=s96-c', NULL, NULL, 'normal', 0, NULL, NULL, 0.00, 'Male', NULL, '2024-12-10 17:14:46', '2024-12-10 17:14:46', '2024-12-10 17:14:46', 0, NULL),
(41, 'angiewelch.88934@gmail.com', NULL, NULL, 'Angie Welch', 'https://lh3.googleusercontent.com/a/ACg8ocKL_P1wZyk0RXs_kUBnElbDU34PNQoxYVwh-bSEh3GVS76Gpg=s96-c', NULL, NULL, 'normal', 0, NULL, NULL, 0.00, 'Male', NULL, '2024-12-10 17:16:08', '2024-12-10 17:16:08', '2024-12-10 17:16:08', 0, NULL),
(42, 'lagbetrip@gmail.com', '0171111111', NULL, 'Md Nazmul Hossain', 'https://lh3.googleusercontent.com/a/ACg8ocJ9_9M9SjteDL-Vak4bUNkwfMVyvQ2EBOV3uD85IMTfV_6Tiao=s96-c', NULL, NULL, 'normal', 0, NULL, NULL, 0.00, 'Male', NULL, '2024-12-10 21:37:13', '2024-12-10 21:37:13', '2024-12-21 04:58:26', 0, NULL),
(43, NULL, '+8801783196936', NULL, NULL, NULL, NULL, NULL, 'normal', 0, NULL, NULL, 0.00, 'Male', NULL, '0000-00-00 00:00:00', '2024-12-11 01:11:36', '2024-12-11 01:31:06', 0, NULL),
(44, NULL, '+88001783196936', NULL, NULL, NULL, NULL, NULL, 'normal', 0, NULL, NULL, 0.00, 'Male', '1097', '2024-12-13 13:17:01', '2024-12-11 01:29:59', '2024-12-13 13:12:01', 0, NULL),
(45, 'sabbiralhasan3268@gmail.com', '01783196936', NULL, 'Sabbir al hasan', 'https://lh3.googleusercontent.com/a/ACg8ocIj1GvQFmwbMDfTfnPszU0xobWVv0UxUFsTzjtyDvEiLpcaxQ=s96-c', 'Gobindaganj ', 'https://res.cloudinary.com/dcglyvwza/image/upload/v1734066765/rideapp/rrwmtdyu0zikmoy0lv82.jpg', 'normal', 0, NULL, NULL, 0.00, 'Male', NULL, '2024-12-13 05:13:04', '2024-12-11 01:35:37', '2024-12-13 05:13:04', 0, NULL),
(46, NULL, '+8801712578452', NULL, NULL, NULL, NULL, NULL, 'normal', 0, NULL, NULL, 0.00, 'Male', NULL, '0000-00-00 00:00:00', '2024-12-11 02:17:18', '2024-12-11 02:23:09', 0, NULL),
(47, NULL, '+8801931424220', NULL, 'hcccg', 'https://res.cloudinary.com/dcglyvwza/image/upload/v1733889706/rideapp/hbx4mamhcbt0nhjuzprp.jpg', 'gxgxgx', 'https://res.cloudinary.com/dcglyvwza/image/upload/v1733889724/rideapp/kr8r0frxfybqyvxzmsz6.jpg', 'normal', 0, NULL, NULL, 0.00, 'Male', NULL, '2024-12-11 04:02:08', '2024-12-11 04:01:15', '2024-12-11 04:02:08', 0, NULL),
(48, NULL, '+8801334778371', NULL, 'hcchgx', 'https://res.cloudinary.com/dcglyvwza/image/upload/v1733889811/rideapp/mwdmehusfxrbjswcvkdj.jpg', 'v b. v', 'https://res.cloudinary.com/dcglyvwza/image/upload/v1733889813/rideapp/pnsiof3mxl2efusdl3og.jpg', 'normal', 0, NULL, NULL, 0.00, 'Male', NULL, '2024-12-11 04:03:39', '2024-12-11 04:03:05', '2024-12-11 04:03:39', 0, NULL),
(49, 'chamokkhandoker2@gmail.com', '01724377651', NULL, 'Chamok Khandoker', 'https://lh3.googleusercontent.com/a/ACg8ocLBo07TwbkxsducwQdo7tM1F8TcENZw35Ej_qwJUwA0fKMjVmI=s96-c', 'hhHjshshdhh', 'https://res.cloudinary.com/dcglyvwza/image/upload/v1733987003/rideapp/pyriiepahngqczj01mzw.jpg', 'normal', 0, NULL, NULL, 0.00, 'Male', NULL, '2024-12-12 07:03:32', '2024-12-12 07:01:50', '2024-12-12 07:03:32', 0, NULL),
(50, NULL, '+8801724377651', NULL, NULL, NULL, NULL, NULL, 'normal', 0, NULL, NULL, 0.00, 'Male', '3256', '2024-12-12 11:03:22', '2024-12-12 10:58:22', '2024-12-12 10:58:22', 0, NULL),
(51, NULL, '+88017777553989', NULL, NULL, NULL, NULL, NULL, 'normal', 0, NULL, NULL, 0.00, 'Male', '4579', '2024-12-12 11:05:10', '2024-12-12 11:00:10', '2024-12-12 11:00:10', 0, NULL),
(52, NULL, '+8801948958696', NULL, 'sabbir hasan', 'https://res.cloudinary.com/dcglyvwza/image/upload/v1734095168/rideapp/zy6ma2dmzuozkqcxtgrj.png', 'Gobindaganj ', 'https://res.cloudinary.com/dcglyvwza/image/upload/v1734095157/rideapp/rjgdys9gucskoaum45dg.png', 'normal', 0, NULL, NULL, 0.00, 'Male', NULL, '2024-12-13 13:06:17', '2024-12-13 13:03:53', '2024-12-13 13:06:17', 0, NULL),
(53, NULL, '+88001712578452', NULL, NULL, NULL, NULL, NULL, 'normal', 0, NULL, NULL, 0.00, 'Male', '7648', '2024-12-13 13:18:02', '2024-12-13 13:13:02', '2024-12-13 13:13:02', 0, NULL),
(54, NULL, '01518498310', NULL, NULL, NULL, NULL, NULL, 'normal', 0, NULL, NULL, 0.00, 'Male', '5630', '2024-12-19 10:52:43', '2024-12-19 10:47:43', '2024-12-19 10:47:43', 0, NULL),
(55, NULL, '01768488425', NULL, NULL, NULL, NULL, NULL, 'normal', 0, NULL, 'SLXI1FLA', 0.00, 'Male', '9385', '2024-12-19 13:10:15', '2024-12-19 10:50:47', '2024-12-19 13:05:15', 0, NULL),
(56, NULL, '017684884256', NULL, NULL, NULL, NULL, NULL, 'normal', 0, NULL, 'ABLG50C1', 0.00, 'Male', '3896', '2024-12-19 14:51:13', '2024-12-19 13:10:47', '2024-12-19 14:46:13', 0, NULL),
(57, 'user@test.com', NULL, NULL, 'John Doe', 'http://example.com/profile.jpg', NULL, NULL, 'normal', 0, NULL, NULL, 0.00, 'Male', NULL, '2024-12-19 13:16:46', '2024-12-19 13:16:46', '2024-12-19 13:16:46', 0, NULL),
(58, NULL, '017684884251', NULL, NULL, NULL, NULL, NULL, 'normal', 0, NULL, 'YVTK5AZR', 0.00, 'Male', '5501', '2024-12-19 14:51:22', '2024-12-19 14:46:22', '2024-12-19 14:46:22', 0, NULL),
(59, NULL, '01709117776', NULL, NULL, NULL, NULL, NULL, 'normal', 0, NULL, '5FCP057V', 0.00, 'Male', '9614', '2024-12-19 15:58:00', '2024-12-19 15:53:00', '2024-12-19 15:53:00', 0, NULL),
(60, NULL, '01709117777', NULL, NULL, NULL, NULL, NULL, 'normal', 0, NULL, '3HRYIZ4W', 0.00, 'Male', '6970', '2024-12-19 16:04:44', '2024-12-19 15:59:44', '2024-12-19 15:59:44', 0, NULL),
(62, NULL, '+8801728808748', NULL, 'Md Shamim', 'https://res.cloudinary.com/dcglyvwza/image/upload/v1734805829/rideapp/krc0dz7xpvoudmvkcfnp.jpg', 'badda', 'https://res.cloudinary.com/dcglyvwza/image/upload/v1737121145/rideapp/uue7gxe8o3unkutsrzpu.jpg', 'normal', 0, NULL, 'MVUI9CH9', 426.92, 'Male', NULL, NULL, '2024-12-21 18:29:04', '2025-02-22 17:47:53', 0, NULL),
(63, NULL, '01712345678', NULL, NULL, NULL, NULL, NULL, 'normal', 0, NULL, 'VRNCIO4Y', 0.00, 'Male', '7814', '2025-01-15 07:23:57', '2025-01-15 07:18:57', '2025-01-15 07:18:57', 0, NULL),
(64, NULL, '01786563606', NULL, NULL, NULL, NULL, NULL, 'normal', 0, NULL, 'ZSO1MOPX', 0.00, 'Male', '6134', '2025-01-29 16:18:39', '2025-01-15 15:52:15', '2025-01-29 16:13:39', 0, NULL),
(65, NULL, '+8801518792637', NULL, 'test user', 'https://res.cloudinary.com/dcglyvwza/image/upload/v1739878043/rideapp/xaz6qfybivl3zrejbw6l.jpg', NULL, NULL, 'normal', 0, NULL, 'FPECC64H', 445.19, 'Male', NULL, NULL, '2025-02-18 11:25:21', '2025-02-18 11:47:04', 0, NULL),
(66, NULL, '+8801786563606', NULL, NULL, NULL, NULL, NULL, 'normal', 0, NULL, 'VZRDGXBG', 0.00, 'Male', '5921', '2025-02-20 16:13:46', '2025-02-20 16:08:46', '2025-02-20 16:08:46', 0, NULL);

-- --------------------------------------------------------

--
-- Table structure for table `vehicle_types`
--

CREATE TABLE `vehicle_types` (
  `id` int(11) NOT NULL,
  `name` varchar(255) NOT NULL,
  `description` text DEFAULT NULL,
  `image` varchar(512) DEFAULT NULL,
  `extraOptions` longtext CHARACTER SET utf8mb4 COLLATE utf8mb4_bin DEFAULT NULL CHECK (json_valid(`extraOptions`)),
  `created_at` timestamp NULL DEFAULT current_timestamp(),
  `updated_at` timestamp NULL DEFAULT current_timestamp() ON UPDATE current_timestamp()
) ENGINE=InnoDB DEFAULT CHARSET=utf8 COLLATE=utf8_general_ci;

--
-- Dumping data for table `vehicle_types`
--

INSERT INTO `vehicle_types` (`id`, `name`, `description`, `image`, `extraOptions`, `created_at`, `updated_at`) VALUES
(5, ' Truck 1 ton', 'Truck with capacity 1 ton', 'https://res.cloudinary.com/dcglyvwza/image/upload/v1732506930/services/truck_lcqbyx.png', '{\"capacity\": \"1 ton\", \"features\": [\"Air Condition\", \"comfortable\", \"Fast\"]}', '2024-11-24 20:04:51', '2024-11-24 20:04:51'),
(6, ' Truck 2 ton', 'Truck with capacity 2 ton', 'https://res.cloudinary.com/dcglyvwza/image/upload/v1732506930/services/truck_lcqbyx.png', '{\"capacity\": \"2 ton\", \"features\": [\"Air Condition\", \"comfortable\", \"Fast\"]}', '2024-11-24 20:05:05', '2024-11-24 20:05:05'),
(7, ' Truck 3 ton', 'Truck with capacity 3 ton', 'https://res.cloudinary.com/dcglyvwza/image/upload/v1732506930/services/truck_lcqbyx.png', '{\"capacity\": \"3 ton\", \"features\": [\"Air Condition\", \"comfortable\", \"Fast\"]}', '2024-11-24 20:05:18', '2024-11-24 20:05:18'),
(8, ' Bike Upto 10kg', 'Bike with 10kg capacity', 'https://res.cloudinary.com/dcglyvwza/image/upload/v1732506932/services/motorcycle_atsd1b.png', '{\"capacity\": \"10kg capacity\", \"features\": [\"Air Condition\", \"comfortable\", \"Fast\"]}', '2024-11-24 20:06:29', '2024-11-24 20:07:28'),
(9, ' Bike Upto 20kg', 'Bike with 20kg capacity', 'https://res.cloudinary.com/dcglyvwza/image/upload/v1732506932/services/motorcycle_atsd1b.png', '{\"capacity\": \"20kg capacity\", \"features\": [\"Air Condition\", \"comfortable\", \"Fast\"]}', '2024-11-24 20:07:59', '2024-11-24 20:07:59'),
(10, 'Cargo Van 1 ton', 'Cargo van with 1 ton capacity', 'https://res.cloudinary.com/dcglyvwza/image/upload/v1732506937/services/delivery-van_jms1tr.png', '{\"capacity\": \"1ton capacity\", \"features\": [\"Air Condition\", \"comfortable\", \"Fast\"]}', '2024-11-24 20:09:41', '2024-11-24 20:09:41'),
(11, 'Cargo Van 2 ton', 'Cargo van with 2 ton capacity', 'https://res.cloudinary.com/dcglyvwza/image/upload/v1732506937/services/delivery-van_jms1tr.png', '{\"capacity\": \"2ton capacity\", \"features\": [\"Air Condition\", \"comfortable\", \"Fast\"]}', '2024-11-24 20:10:01', '2024-11-24 20:10:01'),
(12, 'Cargo Van 3 ton', 'Cargo van with 3 ton capacity', 'https://res.cloudinary.com/dcglyvwza/image/upload/v1732506937/services/delivery-van_jms1tr.png', '{\"capacity\": \"3ton capacity\", \"features\": [\"Air Condition\", \"comfortable\", \"Fast\"]}', '2024-11-24 20:10:11', '2024-11-24 20:10:11'),
(13, 'Recovery Small', 'Recovery vehicle with small Capacity', 'https://res.cloudinary.com/dcglyvwza/image/upload/v1732506952/services/transport_1_bzmdcb.png', '{\"capacity\": \"small vehicle\", \"features\": [\"Air Condition\", \"comfortable\", \"Fast\"]}', '2024-11-24 20:12:05', '2024-11-24 20:12:05'),
(14, 'Recovery Medium', 'Recovery vehicle with medium Capacity', 'https://res.cloudinary.com/dcglyvwza/image/upload/v1732506952/services/transport_1_bzmdcb.png', '{\"capacity\": \"medium vehicle\", \"features\": [\"Air Condition\", \"comfortable\", \"Fast\"]}', '2024-11-24 20:12:23', '2024-11-24 20:12:23'),
(15, 'Recovery Heavy', 'Recovery vehicle with heavy Capacity', 'https://res.cloudinary.com/dcglyvwza/image/upload/v1732506952/services/transport_1_bzmdcb.png', '{\"capacity\": \"heavy vehicle\", \"features\": [\"Air Condition\", \"comfortable\", \"Fast\"]}', '2024-11-24 20:12:41', '2024-11-24 20:12:41'),
(16, 'test', 'test', 'https://localhost/ikbarvai/transport/public/uploads/1733318702.png', '{\"capacity\": \"5\", \"features\": [\"test\"]}', '2024-12-04 05:22:50', '2024-12-04 05:22:50');

--
-- Indexes for dumped tables
--

--
-- Indexes for table `ride_requests`
--
ALTER TABLE `ride_requests`
  ADD PRIMARY KEY (`id`);

--
-- Indexes for table `users`
--
ALTER TABLE `users`
  ADD PRIMARY KEY (`user_id`);

--
-- AUTO_INCREMENT for dumped tables
--

--
-- AUTO_INCREMENT for table `ride_requests`
--
ALTER TABLE `ride_requests`
  MODIFY `id` int(11) NOT NULL AUTO_INCREMENT, AUTO_INCREMENT=292;

--
-- AUTO_INCREMENT for table `users`
--
ALTER TABLE `users`
  MODIFY `user_id` int(11) NOT NULL AUTO_INCREMENT, AUTO_INCREMENT=67;
COMMIT;

/*!40101 SET CHARACTER_SET_CLIENT=@OLD_CHARACTER_SET_CLIENT */;
/*!40101 SET CHARACTER_SET_RESULTS=@OLD_CHARACTER_SET_RESULTS */;
/*!40101 SET COLLATION_CONNECTION=@OLD_COLLATION_CONNECTION */;
